FID,longitude,latitude,data_hora_gmt,satelite,municipio,estado,pais,geom
focos_ams_ontem_hoje_ref.0d1b818b-e328-349d-bccd-b17df7250faf,-79.46288,0.32699,2022-05-19T18:45:00,AQUA_M-T,Quinindé,Esmeraldas,Ecuador,POINT (0.32699 -79.46288)
focos_ams_ontem_hoje_ref.daed05c1-85c6-3310-a6a9-4b68adb12492,-79.39746,0.00129,2022-05-19T18:45:00,AQUA_M-T,No Delimitado,Santo Domingo de los Tsáchilas,Ecuador,POINT (0.00129 -79.39746)
focos_ams_ontem_hoje_ref.cca617f9-d596-3f4d-92d5-395fc87425b8,-79.4736,0.32545,2022-05-19T18:45:00,AQUA_M-T,Quinindé,Esmeraldas,Ecuador,POINT (0.32545 -79.4736)
focos_ams_ontem_hoje_ref.c1821f88-04a9-3669-b701-7fda924025ed,-79.76167,-6.30398,2022-05-19T18:43:00,AQUA_M-T,Lambayeque,Lambayeque,Peru,POINT (-6.30398 -79.76167)
focos_ams_ontem_hoje_ref.3a5d70be-ba3d-31bf-8b9f-9893faf887e8,-79.77557,-6.30584,2022-05-19T18:43:00,AQUA_M-T,Lambayeque,Lambayeque,Peru,POINT (-6.30584 -79.77557)
focos_ams_ontem_hoje_ref.b40da253-9827-3852-a402-b8baf7ba4d02,-79.76875,-6.30238,2022-05-19T18:43:00,AQUA_M-T,Lambayeque,Lambayeque,Peru,POINT (-6.30238 -79.76875)
focos_ams_ontem_hoje_ref.c1725cf8-2866-3ce8-9d3b-2932b2e1e6a8,-79.46272,-1.43989,2022-05-19T18:43:00,AQUA_M-T,Ventanas,Los Rios,Ecuador,POINT (-1.43989 -79.46272)
focos_ams_ontem_hoje_ref.17f8fc96-4a68-3a07-a704-c60f43807624,-74.84013,-8.58213,2022-05-19T18:41:00,AQUA_M-T,Coronel Portillo,Ucayali,Peru,POINT (-8.58213 -74.84013)
focos_ams_ontem_hoje_ref.2c76fb10-d908-3bb1-a7fa-54ba4df05c4b,-75.88187,-12.39691,2022-05-19T18:41:00,AQUA_M-T,Yauyos,Lima,Peru,POINT (-12.39691 -75.88187)
focos_ams_ontem_hoje_ref.f2f89b64-d1c2-3fc5-a6ec-acc5f494dd9b,-74.84781,-8.59238,2022-05-19T18:41:00,AQUA_M-T,Coronel Portillo,Ucayali,Peru,POINT (-8.59238 -74.84781)
focos_ams_ontem_hoje_ref.9a78ff40-2e1e-3ef7-ac78-3ee2e0bf6b1f,-74.84913,-8.58343,2022-05-19T18:41:00,AQUA_M-T,Coronel Portillo,Ucayali,Peru,POINT (-8.58343 -74.84913)
focos_ams_ontem_hoje_ref.829bfbc1-ed03-35d0-9648-f4b36255f589,-79.48849,-7.23918,2022-05-19T18:41:00,AQUA_M-T,Pacasmayo,La Libertad,Peru,POINT (-7.23918 -79.48849)
focos_ams_ontem_hoje_ref.46377e5c-0da0-318f-8fac-a00630368dc9,-79.48397,-7.38837,2022-05-19T18:41:00,AQUA_M-T,Pacasmayo,La Libertad,Peru,POINT (-7.38837 -79.48397)
focos_ams_ontem_hoje_ref.ba5e1a51-6c2f-35b3-a1b0-91024e77126a,-62.45992,-21.88029,2022-05-19T18:38:00,AQUA_M-T,Doctor Pedro P. Peña,Boquerón,Paraguay,POINT (-21.88029 -62.45992)
focos_ams_ontem_hoje_ref.b0f32120-1717-39ab-ac17-b2756ae172c6,-63.87506,-15.71178,2022-05-19T18:38:00,AQUA_M-T,Marbán,El Beni,Bolivia,POINT (-15.71178 -63.87506)
focos_ams_ontem_hoje_ref.ba08a705-b55b-345b-ae37-1d43c083d9f0,-64.30724,-14.72773,2022-05-19T18:38:00,AQUA_M-T,Cercado,El Beni,Bolivia,POINT (-14.72773 -64.30724)
focos_ams_ontem_hoje_ref.f561140a-07d7-39c2-893d-2c3fcf575d39,-62.45669,-21.87439,2022-05-19T18:38:00,AQUA_M-T,Doctor Pedro P. Peña,Boquerón,Paraguay,POINT (-21.87439 -62.45669)
focos_ams_ontem_hoje_ref.36ff5012-d3aa-3857-9d2f-ce9e657539d4,-66.92825,-13.42668,2022-05-19T18:38:00,AQUA_M-T,José Ballivián,El Beni,Bolivia,POINT (-13.42668 -66.92825)
focos_ams_ontem_hoje_ref.c6107ade-168a-3d0e-ac71-399061a37c16,-64.3138,-14.73296,2022-05-19T18:38:00,AQUA_M-T,Cercado,El Beni,Bolivia,POINT (-14.73296 -64.3138)
focos_ams_ontem_hoje_ref.82322dff-0ca6-3230-a3d6-79a1a93fd5c4,-63.86891,-15.71917,2022-05-19T18:38:00,AQUA_M-T,Marbán,El Beni,Bolivia,POINT (-15.71917 -63.86891)
focos_ams_ontem_hoje_ref.7100f411-0cea-3e27-9279-e882cc9f8aa6,-63.87786,-25.94718,2022-05-19T18:36:00,AQUA_M-T,Pellegrini,Santiago del Estero,Argentina,POINT (-25.94718 -63.87786)
focos_ams_ontem_hoje_ref.576c9280-785f-335f-a63b-5ce6b982c9ae,-62.9107,-25.02469,2022-05-19T18:36:00,AQUA_M-T,Rivadavia,Salta,Argentina,POINT (-25.02469 -62.9107)
focos_ams_ontem_hoje_ref.d5fc12c3-cc9d-37bc-aab9-69d4188b61ad,-62.88496,-25.01942,2022-05-19T18:36:00,AQUA_M-T,Rivadavia,Salta,Argentina,POINT (-25.01942 -62.88496)
focos_ams_ontem_hoje_ref.957f0a1b-d1fb-35c0-9e25-a07dc43fe47a,-62.89368,-25.01472,2022-05-19T18:36:00,AQUA_M-T,Rivadavia,Salta,Argentina,POINT (-25.01472 -62.89368)
focos_ams_ontem_hoje_ref.08fc6c83-376d-3cff-b0a5-b8c6de0a14fa,-62.91413,-25.01086,2022-05-19T18:36:00,AQUA_M-T,Rivadavia,Salta,Argentina,POINT (-25.01086 -62.91413)
focos_ams_ontem_hoje_ref.b3dc1f5e-cdef-39bf-999b-f2e5bf8f962e,-69.85457,-32.32135,2022-05-19T18:36:00,AQUA_M-T,Calingasta,San Juan,Argentina,POINT (-32.32135 -69.85457)
focos_ams_ontem_hoje_ref.00b6c0cc-5a16-3a21-b49a-053a8b4912a4,-62.86778,-25.0096,2022-05-19T18:36:00,AQUA_M-T,Almirante Brown,Chaco,Argentina,POINT (-25.0096 -62.86778)
focos_ams_ontem_hoje_ref.f4c49d11-80e0-3adb-aaca-bf881609f70e,-69.85638,-32.31235,2022-05-19T18:36:00,AQUA_M-T,Calingasta,San Juan,Argentina,POINT (-32.31235 -69.85638)
focos_ams_ontem_hoje_ref.02bd7935-7834-322f-a0b2-0e6529087372,-62.88841,-25.00557,2022-05-19T18:36:00,AQUA_M-T,Rivadavia,Salta,Argentina,POINT (-25.00557 -62.88841)
focos_ams_ontem_hoje_ref.452d1d2d-f770-3532-9dc2-18457b15cacd,-68.44134,-31.70136,2022-05-19T18:36:00,AQUA_M-T,Rawson,San Juan,Argentina,POINT (-31.70136 -68.44134)
focos_ams_ontem_hoje_ref.7f83b399-7c9b-327c-91cb-cdd19a7cb93f,-68.43063,-31.69974,2022-05-19T18:36:00,AQUA_M-T,Rawson,San Juan,Argentina,POINT (-31.69974 -68.43063)
focos_ams_ontem_hoje_ref.a23d6071-1bcd-3e7e-9f79-7a8609c170f6,-59.97552,-23.59641,2022-05-19T18:36:00,AQUA_M-T,Villa Hayes,Presidente Hayes,Paraguay,POINT (-23.59641 -59.97552)
focos_ams_ontem_hoje_ref.d7c8502b-8915-3e02-9c41-872a392dc05a,-65.58029,-27.23295,2022-05-19T18:36:00,AQUA_M-T,Monteros,Tucumán,Argentina,POINT (-27.23295 -65.58029)
focos_ams_ontem_hoje_ref.b3d17be8-4327-34ec-9467-c3b47fab010f,-65.5647,-27.23013,2022-05-19T18:36:00,AQUA_M-T,Monteros,Tucumán,Argentina,POINT (-27.23013 -65.5647)
focos_ams_ontem_hoje_ref.082e0f40-3f68-3e02-b0d8-279f0c4a9f87,-60.19468,-23.1246,2022-05-19T18:36:00,AQUA_M-T,Doctor Pedro P. Peña,Boquerón,Paraguay,POINT (-23.1246 -60.19468)
focos_ams_ontem_hoje_ref.af7fa69d-21ad-33a4-bfbe-9dae75567afc,-62.81918,-28.28059,2022-05-19T18:36:00,AQUA_M-T,Juan Felipe Ibarra,Santiago del Estero,Argentina,POINT (-28.28059 -62.81918)
focos_ams_ontem_hoje_ref.8c31e31e-6415-37f2-9df9-dddff2a7f53d,-63.4088,-26.92706,2022-05-19T18:36:00,AQUA_M-T,Figueroa,Santiago del Estero,Argentina,POINT (-26.92706 -63.4088)
focos_ams_ontem_hoje_ref.57f6ec17-1912-3973-bbfe-50aa46bc20a6,-63.0681,-26.87336,2022-05-19T18:36:00,AQUA_M-T,Moreno,Santiago del Estero,Argentina,POINT (-26.87336 -63.0681)
focos_ams_ontem_hoje_ref.bffae23c-932b-317e-8fdc-f5a8973183c2,-60.23356,-23.11773,2022-05-19T18:36:00,AQUA_M-T,Doctor Pedro P. Peña,Boquerón,Paraguay,POINT (-23.11773 -60.23356)
focos_ams_ontem_hoje_ref.be191af2-ad0d-3de6-a0ad-15c3fcb54d88,-63.0616,-26.86937,2022-05-19T18:36:00,AQUA_M-T,Moreno,Santiago del Estero,Argentina,POINT (-26.86937 -63.0616)
focos_ams_ontem_hoje_ref.a01de554-3033-31ff-ad13-d2413522972b,-60.24237,-23.11684,2022-05-19T18:36:00,AQUA_M-T,Doctor Pedro P. Peña,Boquerón,Paraguay,POINT (-23.11684 -60.24237)
focos_ams_ontem_hoje_ref.a815fb7f-1b84-3896-910e-ecacb573eed2,-63.86399,-25.94366,2022-05-19T18:36:00,AQUA_M-T,Pellegrini,Santiago del Estero,Argentina,POINT (-25.94366 -63.86399)
focos_ams_ontem_hoje_ref.1bf679c7-53f2-3329-82cf-1f60b2c1af0f,-60.23778,-23.13403,2022-05-19T18:36:00,AQUA_M-T,Doctor Pedro P. Peña,Boquerón,Paraguay,POINT (-23.13403 -60.23778)
focos_ams_ontem_hoje_ref.13da4ebe-1ff5-3e7b-9cf4-69f4d87827ee,-63.85664,-25.94298,2022-05-19T18:36:00,AQUA_M-T,Pellegrini,Santiago del Estero,Argentina,POINT (-25.94298 -63.85664)
focos_ams_ontem_hoje_ref.e285dd6e-800d-39f6-bc6a-8522964fb2fa,-63.84703,-36.81941,2022-05-19T18:34:00,AQUA_M-T,Atreucó,La Pampa,Argentina,POINT (-36.81941 -63.84703)
focos_ams_ontem_hoje_ref.3deb0198-2c05-365f-b31c-e9dc15a0cb38,-69.56796,-35.3482,2022-05-19T18:34:00,AQUA_M-T,Malargüe,Mendoza,Argentina,POINT (-35.3482 -69.56796)
focos_ams_ontem_hoje_ref.73d821d9-380d-3b68-a51d-28ef71dc3956,-60.79134,-38.9345,2022-05-19T18:34:00,AQUA_M-T,Coronel Dorrego,Buenos Aires,Argentina,POINT (-38.9345 -60.79134)
focos_ams_ontem_hoje_ref.39f82e89-0480-325f-b192-e84deac81180,-66.04054,-38.75653,2022-05-19T18:34:00,AQUA_M-T,Avellaneda,Río Negro,Argentina,POINT (-38.75653 -66.04054)
focos_ams_ontem_hoje_ref.53d0e867-dd33-366a-8503-f722091d4835,-66.02873,-38.75467,2022-05-19T18:34:00,AQUA_M-T,Avellaneda,Río Negro,Argentina,POINT (-38.75467 -66.02873)
focos_ams_ontem_hoje_ref.bc7157e6-1494-3fca-8c41-c46bf3f80ba3,-63.84418,-36.82949,2022-05-19T18:34:00,AQUA_M-T,Atreucó,La Pampa,Argentina,POINT (-36.82949 -63.84418)
focos_ams_ontem_hoje_ref.21ce3578-a1b7-39b4-89e0-ff9f042787f6,-59.53921,-33.60832,2022-05-19T18:34:00,AQUA_M-T,Gualeguay,Entre Ríos,Argentina,POINT (-33.60832 -59.53921)
focos_ams_ontem_hoje_ref.08cc74d7-1dbc-3501-be25-b24778f8954e,-68.92585,-32.30758,2022-05-19T18:34:00,AQUA_M-T,Sarmiento,San Juan,Argentina,POINT (-32.30758 -68.92585)
focos_ams_ontem_hoje_ref.cb883607-d671-3e5b-a0a8-c5f11476b2bf,-71.32762,-32.61756,2022-05-19T18:34:00,AQUA_M-T,Valparaíso,Valparaíso,Chile,POINT (-32.61756 -71.32762)
focos_ams_ontem_hoje_ref.d44d82bd-0ff3-3053-a18f-ee52c39e54f4,-71.3391,-32.61901,2022-05-19T18:34:00,AQUA_M-T,Valparaíso,Valparaíso,Chile,POINT (-32.61901 -71.3391)
focos_ams_ontem_hoje_ref.236e379c-bd6e-3c1e-bf1b-d89fd9f5bdd1,-65.92838,-33.33089,2022-05-19T18:34:00,AQUA_M-T,Coronel Pringles,San Luis,Argentina,POINT (-33.33089 -65.92838)
focos_ams_ontem_hoje_ref.4f906d29-1682-3858-a8bd-2c7d051283ec,-65.94096,-33.333,2022-05-19T18:34:00,AQUA_M-T,Coronel Pringles,San Luis,Argentina,POINT (-33.333 -65.94096)
focos_ams_ontem_hoje_ref.24e225e6-7b2a-3784-8418-7488737fc929,-65.92596,-33.34053,2022-05-19T18:34:00,AQUA_M-T,Coronel Pringles,San Luis,Argentina,POINT (-33.34053 -65.92596)
focos_ams_ontem_hoje_ref.2d5e1ac5-fbb4-3b7e-a660-a0e6e9da7521,-59.72802,-33.52642,2022-05-19T18:34:00,AQUA_M-T,Gualeguay,Entre Ríos,Argentina,POINT (-33.52642 -59.72802)
focos_ams_ontem_hoje_ref.30f46f3d-c89c-3d1e-8c8a-d61d8f6943e7,-65.40363,-33.72517,2022-05-19T18:34:00,AQUA_M-T,General Pedernera,San Luis,Argentina,POINT (-33.72517 -65.40363)
focos_ams_ontem_hoje_ref.67d24c6b-5abf-31d1-96bc-ad75078c1a89,-59.63324,-33.53483,2022-05-19T18:34:00,AQUA_M-T,Gualeguay,Entre Ríos,Argentina,POINT (-33.53483 -59.63324)
focos_ams_ontem_hoje_ref.6c2651bd-ad28-31f7-b61e-44f06f94c5bf,-59.54835,-33.5803,2022-05-19T18:34:00,AQUA_M-T,Gualeguay,Entre Ríos,Argentina,POINT (-33.5803 -59.54835)
focos_ams_ontem_hoje_ref.41138dd0-d5d6-3c85-b5c5-4fb191eaf63e,-59.6287,-33.54878,2022-05-19T18:34:00,AQUA_M-T,Gualeguay,Entre Ríos,Argentina,POINT (-33.54878 -59.6287)
focos_ams_ontem_hoje_ref.27c233a6-c510-3b25-a952-f81a444ad89b,-59.55705,-33.57776,2022-05-19T18:34:00,AQUA_M-T,Gualeguay,Entre Ríos,Argentina,POINT (-33.57776 -59.55705)
focos_ams_ontem_hoje_ref.443aa0dc-f3a9-335b-9a91-2b088503f2ba,-66.67389,-40.98251,2022-05-19T18:34:00,AQUA_M-T,Valcheta,Río Negro,Argentina,POINT (-40.98251 -66.67389)
focos_ams_ontem_hoje_ref.eccff138-a5b4-3974-b3e2-f4c22780a29d,-63.88499,10.33874,2022-05-19T17:09:00,AQUA_M-T,Montes,Sucre,Venezuela,POINT (10.33874 -63.88499)
focos_ams_ontem_hoje_ref.73c1ccc6-eea6-3a62-94ea-81e5d90c6b99,-63.88172,10.34834,2022-05-19T17:09:00,AQUA_M-T,Bolívar,Sucre,Venezuela,POINT (10.34834 -63.88172)
focos_ams_ontem_hoje_ref.1e4f3f78-be00-3cc3-aff1-eee8b747e853,-63.73844,9.60749,2022-05-19T17:09:00,AQUA_M-T,Ezequiel Zamora,Monagas,Venezuela,POINT (9.60749 -63.73844)
focos_ams_ontem_hoje_ref.7f6096ab-db15-3d41-a230-e6e2f491c277,-61.62519,5.74975,2022-05-19T17:07:00,AQUA_M-T,Gran Sabana,Bolívar,Venezuela,POINT (5.74975 -61.62519)
focos_ams_ontem_hoje_ref.4bd2179a-e47a-3790-a901-155431408653,-61.61787,5.75135,2022-05-19T17:07:00,AQUA_M-T,Gran Sabana,Bolívar,Venezuela,POINT (5.75135 -61.61787)
focos_ams_ontem_hoje_ref.84015cc5-c6ca-314f-be7f-fea029ee22aa,-50.24988,-8.76539,2022-05-19T17:05:00,AQUA_M-T,SANTA MARIA DAS BARREIRAS,PARÁ,Brasil,POINT (-8.76539 -50.24988)
focos_ams_ontem_hoje_ref.d22a5d52-9342-388d-b820-8afd78b60ced,-49.36379,-10.17396,2022-05-19T17:05:00,AQUA_M-T,PIUM,TOCANTINS,Brasil,POINT (-10.17396 -49.36379)
focos_ams_ontem_hoje_ref.029c31f9-00d3-32af-bd14-2c63c12437b8,-51.92748,-10.22436,2022-05-19T17:05:00,AQUA_M-T,CONFRESA,MATO GROSSO,Brasil,POINT (-10.22436 -51.92748)
focos_ams_ontem_hoje_ref.57d796f4-73b3-3a8b-b175-43482545030e,-49.80394,-10.09935,2022-05-19T17:05:00,AQUA_M-T,PIUM,TOCANTINS,Brasil,POINT (-10.09935 -49.80394)
focos_ams_ontem_hoje_ref.0a3b2cb2-ef43-3493-8590-b12cee20d107,-52.56438,-10.12848,2022-05-19T17:05:00,AQUA_M-T,SANTA CRUZ DO XINGU,MATO GROSSO,Brasil,POINT (-10.12848 -52.56438)
focos_ams_ontem_hoje_ref.4fdb260f-6c2e-30e7-9fe6-624a09cc2156,-51.65435,-10.10462,2022-05-19T17:05:00,AQUA_M-T,CONFRESA,MATO GROSSO,Brasil,POINT (-10.10462 -51.65435)
focos_ams_ontem_hoje_ref.004fdf59-90ae-3bc2-b950-2ccfd960a1df,-51.66423,-10.106,2022-05-19T17:05:00,AQUA_M-T,CONFRESA,MATO GROSSO,Brasil,POINT (-10.106 -51.66423)
focos_ams_ontem_hoje_ref.8a300394-f9dd-3443-ae25-e8dd1f4fbd64,-50.10013,-10.32585,2022-05-19T17:05:00,AQUA_M-T,PIUM,TOCANTINS,Brasil,POINT (-10.32585 -50.10013)
focos_ams_ontem_hoje_ref.d0babc81-167d-3c09-a7d8-09a2cb817c74,-54.19539,-10.26886,2022-05-19T17:05:00,AQUA_M-T,PEIXOTO DE AZEVEDO,MATO GROSSO,Brasil,POINT (-10.26886 -54.19539)
focos_ams_ontem_hoje_ref.f6cff7fb-0092-3279-84a4-49bd126e3f6b,-50.10921,-10.32714,2022-05-19T17:05:00,AQUA_M-T,PIUM,TOCANTINS,Brasil,POINT (-10.32714 -50.10921)
focos_ams_ontem_hoje_ref.a2027107-d963-3c2b-8eea-af77ebd42a45,-50.13645,-10.33103,2022-05-19T17:05:00,AQUA_M-T,PIUM,TOCANTINS,Brasil,POINT (-10.33103 -50.13645)
focos_ams_ontem_hoje_ref.30f41bc2-e6ee-35ad-a33e-4af2e7114637,-50.17923,-10.35548,2022-05-19T17:05:00,AQUA_M-T,PIUM,TOCANTINS,Brasil,POINT (-10.35548 -50.17923)
focos_ams_ontem_hoje_ref.036a5446-677a-32cf-ad4f-2fe0f217f5ec,-49.23856,-10.36733,2022-05-19T17:05:00,AQUA_M-T,PIUM,TOCANTINS,Brasil,POINT (-10.36733 -49.23856)
focos_ams_ontem_hoje_ref.0ba5131e-dce7-37ed-ab56-424ef21d0ecb,-49.24769,-10.36866,2022-05-19T17:05:00,AQUA_M-T,PIUM,TOCANTINS,Brasil,POINT (-10.36866 -49.24769)
focos_ams_ontem_hoje_ref.008947ba-7919-3df9-b3b6-bf98a9c55f8b,-50.18567,-10.37473,2022-05-19T17:05:00,AQUA_M-T,PIUM,TOCANTINS,Brasil,POINT (-10.37473 -50.18567)
focos_ams_ontem_hoje_ref.ee763c10-76d7-3422-8ef7-5f0d13f6d2c5,-50.14664,-10.4067,2022-05-19T17:05:00,AQUA_M-T,PIUM,TOCANTINS,Brasil,POINT (-10.4067 -50.14664)
focos_ams_ontem_hoje_ref.5bb65d00-d330-3359-a8f4-3152edcfb2b5,-50.13888,-10.39643,2022-05-19T17:05:00,AQUA_M-T,PIUM,TOCANTINS,Brasil,POINT (-10.39643 -50.13888)
focos_ams_ontem_hoje_ref.9c3714e3-e45e-32b5-af89-0e364e1ba990,-50.13755,-10.40541,2022-05-19T17:05:00,AQUA_M-T,PIUM,TOCANTINS,Brasil,POINT (-10.40541 -50.13755)
focos_ams_ontem_hoje_ref.666c55a1-51d1-386f-8f80-57049dd6dabe,-49.88461,-10.42417,2022-05-19T17:05:00,AQUA_M-T,PIUM,TOCANTINS,Brasil,POINT (-10.42417 -49.88461)
focos_ams_ontem_hoje_ref.8999fa46-f09f-3a98-b441-df6be6b11a2c,-49.87762,-10.43221,2022-05-19T17:05:00,AQUA_M-T,PIUM,TOCANTINS,Brasil,POINT (-10.43221 -49.87762)
focos_ams_ontem_hoje_ref.3730076f-22d0-3e15-adea-1d17c4bf0c01,-49.88668,-10.43351,2022-05-19T17:05:00,AQUA_M-T,PIUM,TOCANTINS,Brasil,POINT (-10.43351 -49.88668)
focos_ams_ontem_hoje_ref.a60f85a6-275b-3939-b990-e242c0d951b3,-50.06731,-10.4412,2022-05-19T17:05:00,AQUA_M-T,PIUM,TOCANTINS,Brasil,POINT (-10.4412 -50.06731)
focos_ams_ontem_hoje_ref.692dd1f4-6cac-3a67-b624-3a99f78ff458,-50.07506,-10.45147,2022-05-19T17:05:00,AQUA_M-T,PIUM,TOCANTINS,Brasil,POINT (-10.45147 -50.07506)
focos_ams_ontem_hoje_ref.a7b875f2-6d4a-3449-8a9f-561b5b7b783a,-50.06598,-10.45017,2022-05-19T17:05:00,AQUA_M-T,PIUM,TOCANTINS,Brasil,POINT (-10.45017 -50.06598)
focos_ams_ontem_hoje_ref.f70ac360-0d00-3551-9fa7-a45616b341f6,-50.05898,-10.45812,2022-05-19T17:05:00,AQUA_M-T,PIUM,TOCANTINS,Brasil,POINT (-10.45812 -50.05898)
focos_ams_ontem_hoje_ref.e71a20c7-7537-36f2-b50e-f87826c3a87e,-50.29354,-10.48269,2022-05-19T17:05:00,AQUA_M-T,PIUM,TOCANTINS,Brasil,POINT (-10.48269 -50.29354)
focos_ams_ontem_hoje_ref.f65fac78-3307-341e-a2c4-bc2e440cbbd2,-50.29568,-10.49174,2022-05-19T17:05:00,AQUA_M-T,PIUM,TOCANTINS,Brasil,POINT (-10.49174 -50.29568)
focos_ams_ontem_hoje_ref.d21f2305-644b-3a1d-882c-db99eafe7828,-50.30481,-10.49303,2022-05-19T17:05:00,AQUA_M-T,PIUM,TOCANTINS,Brasil,POINT (-10.49303 -50.30481)
focos_ams_ontem_hoje_ref.fbf4f259-8a8f-3a3e-a50c-7b4b1a3f5565,-49.72974,-10.49334,2022-05-19T17:05:00,AQUA_M-T,PIUM,TOCANTINS,Brasil,POINT (-10.49334 -49.72974)
focos_ams_ontem_hoje_ref.bccc9f65-1fa9-3164-ae59-db972a7b4139,-49.73594,-10.53194,2022-05-19T17:05:00,AQUA_M-T,LAGOA DA CONFUSÃO,TOCANTINS,Brasil,POINT (-10.53194 -49.73594)
focos_ams_ontem_hoje_ref.186aac99-8e68-392d-9546-2facd827ad1e,-50.11967,-10.56851,2022-05-19T17:05:00,AQUA_M-T,PIUM,TOCANTINS,Brasil,POINT (-10.56851 -50.11967)
focos_ams_ontem_hoje_ref.1225a7e1-b613-37bd-87a4-aa82bd3d50b6,-54.37132,-11.12722,2022-05-19T17:05:00,AQUA_M-T,MARCELÂNDIA,MATO GROSSO,Brasil,POINT (-11.12722 -54.37132)
focos_ams_ontem_hoje_ref.2d7dfa66-8504-377a-b3cd-054cac1ac3db,-54.37801,-11.12791,2022-05-19T17:05:00,AQUA_M-T,MARCELÂNDIA,MATO GROSSO,Brasil,POINT (-11.12791 -54.37801)
focos_ams_ontem_hoje_ref.4c298c6c-590f-3f24-81a8-782ee54c07c7,-48.08661,-3.04706,2022-05-19T17:05:00,AQUA_M-T,IPIXUNA DO PARÁ,PARÁ,Brasil,POINT (-3.04706 -48.08661)
focos_ams_ontem_hoje_ref.0e62cc4c-e913-399c-9887-8569f361293e,-48.09819,-3.04876,2022-05-19T17:05:00,AQUA_M-T,IPIXUNA DO PARÁ,PARÁ,Brasil,POINT (-3.04876 -48.09819)
focos_ams_ontem_hoje_ref.6c348992-50f3-3bf6-9a08-9642971df5a8,-55.2596,-3.60771,2022-05-19T17:05:00,AQUA_M-T,AVEIRO,PARÁ,Brasil,POINT (-3.60771 -55.2596)
focos_ams_ontem_hoje_ref.43ff488a-eabc-3d74-a9cc-64ec3cdd6f12,-46.71734,-5.45205,2022-05-19T17:05:00,AQUA_M-T,AMARANTE DO MARANHÃO,MARANHÃO,Brasil,POINT (-5.45205 -46.71734)
focos_ams_ontem_hoje_ref.792c5b75-1b17-311e-a137-4270b35e1cc5,-46.19616,-6.20254,2022-05-19T17:05:00,AQUA_M-T,GRAJAÚ,MARANHÃO,Brasil,POINT (-6.20254 -46.19616)
focos_ams_ontem_hoje_ref.7b56aa68-04c0-3c88-b522-bd6504ad59da,-46.71,-5.45569,2022-05-19T17:05:00,AQUA_M-T,AMARANTE DO MARANHÃO,MARANHÃO,Brasil,POINT (-5.45569 -46.71)
focos_ams_ontem_hoje_ref.6d88d22e-40b4-36c8-a913-f347021dd20f,-46.49001,-6.07608,2022-05-19T17:05:00,AQUA_M-T,SÍTIO NOVO,MARANHÃO,Brasil,POINT (-6.07608 -46.49001)
focos_ams_ontem_hoje_ref.95737f57-4986-3d00-8b2f-4e87023338eb,-46.20433,-6.2044,2022-05-19T17:05:00,AQUA_M-T,GRAJAÚ,MARANHÃO,Brasil,POINT (-6.2044 -46.20433)
focos_ams_ontem_hoje_ref.973cfe20-413e-38c0-be10-e5cf4311c684,-48.86174,-6.73126,2022-05-19T17:05:00,AQUA_M-T,PIÇARRA,PARÁ,Brasil,POINT (-6.73126 -48.86174)
focos_ams_ontem_hoje_ref.801fa8bc-c344-3d13-8fb0-5e3db47de6c9,-49.34645,-6.9681,2022-05-19T17:05:00,AQUA_M-T,XINGUARA,PARÁ,Brasil,POINT (-6.9681 -49.34645)
focos_ams_ontem_hoje_ref.23ff5e77-68ff-32a6-a52d-121a39fe5a23,-49.35574,-6.96946,2022-05-19T17:05:00,AQUA_M-T,XINGUARA,PARÁ,Brasil,POINT (-6.96946 -49.35574)
focos_ams_ontem_hoje_ref.fdf34111-ac8d-36a0-9559-f0a4dc493d57,-45.80613,-7.59148,2022-05-19T17:05:00,AQUA_M-T,BALSAS,MARANHÃO,Brasil,POINT (-7.59148 -45.80613)
focos_ams_ontem_hoje_ref.f19493c0-7220-33a6-94ea-f1baee53e65d,-48.0139,-7.72987,2022-05-19T17:05:00,AQUA_M-T,PALMEIRANTE,TOCANTINS,Brasil,POINT (-7.72987 -48.0139)
focos_ams_ontem_hoje_ref.48edcd8b-6491-392a-b424-a1157f39245a,-48.00352,-7.72833,2022-05-19T17:05:00,AQUA_M-T,PALMEIRANTE,TOCANTINS,Brasil,POINT (-7.72833 -48.00352)
focos_ams_ontem_hoje_ref.dd36f38a-d790-3754-9d2e-876a64008fa8,-47.36588,-7.90846,2022-05-19T17:05:00,AQUA_M-T,GOIATINS,TOCANTINS,Brasil,POINT (-7.90846 -47.36588)
focos_ams_ontem_hoje_ref.ed1380a5-0c75-3f4a-ad5f-f3e5a9c0c984,-46.00373,-8.23132,2022-05-19T17:05:00,AQUA_M-T,TASSO FRAGOSO,MARANHÃO,Brasil,POINT (-8.23132 -46.00373)
focos_ams_ontem_hoje_ref.a211ce37-687b-364d-9e12-c80f90bc3c9d,-49.13156,-8.27207,2022-05-19T17:05:00,AQUA_M-T,COUTO MAGALHÃES,TOCANTINS,Brasil,POINT (-8.27207 -49.13156)
focos_ams_ontem_hoje_ref.a16cc983-dcf4-36c4-9b78-4c070288ab4c,-51.2064,-8.29391,2022-05-19T17:05:00,AQUA_M-T,CUMARU DO NORTE,PARÁ,Brasil,POINT (-8.29391 -51.2064)
focos_ams_ontem_hoje_ref.674445ab-a91b-3ad1-9264-f3ffc1fdfd08,-50.28482,-8.36457,2022-05-19T17:05:00,AQUA_M-T,SANTA MARIA DAS BARREIRAS,PARÁ,Brasil,POINT (-8.36457 -50.28482)
focos_ams_ontem_hoje_ref.897514d8-7996-37e0-b924-5df8e88573ff,-47.55614,-8.4595,2022-05-19T17:05:00,AQUA_M-T,GOIATINS,TOCANTINS,Brasil,POINT (-8.4595 -47.55614)
focos_ams_ontem_hoje_ref.77b10cf8-649d-3a1c-bb33-e9d02ddfb941,-50.20912,-8.48289,2022-05-19T17:05:00,AQUA_M-T,SANTA MARIA DAS BARREIRAS,PARÁ,Brasil,POINT (-8.48289 -50.20912)
focos_ams_ontem_hoje_ref.35dac4e7-7724-3ea7-879c-7f69811dabc3,-49.3098,-8.53658,2022-05-19T17:05:00,AQUA_M-T,COUTO MAGALHÃES,TOCANTINS,Brasil,POINT (-8.53658 -49.3098)
focos_ams_ontem_hoje_ref.c8b73729-e1fb-3a59-a6b5-101631afb51e,-49.31897,-8.53792,2022-05-19T17:05:00,AQUA_M-T,COUTO MAGALHÃES,TOCANTINS,Brasil,POINT (-8.53792 -49.31897)
focos_ams_ontem_hoje_ref.221c1797-d290-38f2-ba2f-82820383363d,-47.56678,-8.46112,2022-05-19T17:05:00,AQUA_M-T,ITACAJÁ,TOCANTINS,Brasil,POINT (-8.46112 -47.56678)
focos_ams_ontem_hoje_ref.15b28365-091e-3c55-b365-0efb02998c81,-46.6903,-8.62496,2022-05-19T17:05:00,AQUA_M-T,BALSAS,MARANHÃO,Brasil,POINT (-8.62496 -46.6903)
focos_ams_ontem_hoje_ref.8fd18b75-8f48-34b1-8c6e-92748fc46b5d,-46.70232,-8.6268,2022-05-19T17:05:00,AQUA_M-T,BALSAS,MARANHÃO,Brasil,POINT (-8.6268 -46.70232)
focos_ams_ontem_hoje_ref.1ef28e34-537f-394b-a51a-b36bd0442ce1,-47.98929,-8.74786,2022-05-19T17:05:00,AQUA_M-T,SANTA MARIA DO TOCANTINS,TOCANTINS,Brasil,POINT (-8.74786 -47.98929)
focos_ams_ontem_hoje_ref.c3b1019b-9f4d-3809-9b7e-55846cc3c307,-52.57522,-10.12997,2022-05-19T17:05:00,AQUA_M-T,SANTA CRUZ DO XINGU,MATO GROSSO,Brasil,POINT (-10.12997 -52.57522)
focos_ams_ontem_hoje_ref.db39c738-19af-300d-92d9-d5a5e4457c2e,-50.11126,-8.85523,2022-05-19T17:05:00,AQUA_M-T,SANTA MARIA DAS BARREIRAS,PARÁ,Brasil,POINT (-8.85523 -50.11126)
focos_ams_ontem_hoje_ref.873fffb8-4d62-3f44-9454-31cde041f530,-49.43781,-8.78546,2022-05-19T17:05:00,AQUA_M-T,ARAGUACEMA,TOCANTINS,Brasil,POINT (-8.78546 -49.43781)
focos_ams_ontem_hoje_ref.859c707a-f534-378f-83d7-7251fdaaf652,-50.12027,-8.85652,2022-05-19T17:05:00,AQUA_M-T,SANTA MARIA DAS BARREIRAS,PARÁ,Brasil,POINT (-8.85652 -50.12027)
focos_ams_ontem_hoje_ref.a2a5de01-8261-3279-862a-6bee30259420,-49.96178,-8.87031,2022-05-19T17:05:00,AQUA_M-T,SANTA MARIA DAS BARREIRAS,PARÁ,Brasil,POINT (-8.87031 -49.96178)
focos_ams_ontem_hoje_ref.1107ee50-c0a4-311f-96ce-28692a27c63e,-49.91776,-8.87426,2022-05-19T17:05:00,AQUA_M-T,SANTA MARIA DAS BARREIRAS,PARÁ,Brasil,POINT (-8.87426 -49.91776)
focos_ams_ontem_hoje_ref.47911df9-fb5d-36f6-b785-f3902bc28c03,-49.92678,-8.87556,2022-05-19T17:05:00,AQUA_M-T,SANTA MARIA DAS BARREIRAS,PARÁ,Brasil,POINT (-8.87556 -49.92678)
focos_ams_ontem_hoje_ref.7083d510-61a4-314a-be47-0344c2479fd7,-46.74895,-8.90934,2022-05-19T17:05:00,AQUA_M-T,BALSAS,MARANHÃO,Brasil,POINT (-8.90934 -46.74895)
focos_ams_ontem_hoje_ref.d10eff4c-e66b-334c-a05f-1d8ed268cd3f,-47.3663,-8.91182,2022-05-19T17:05:00,AQUA_M-T,CENTENÁRIO,TOCANTINS,Brasil,POINT (-8.91182 -47.3663)
focos_ams_ontem_hoje_ref.b1b434bb-9129-376a-b0e2-b22cf50e1dbc,-49.63528,-9.16385,2022-05-19T17:05:00,AQUA_M-T,ARAGUACEMA,TOCANTINS,Brasil,POINT (-9.16385 -49.63528)
focos_ams_ontem_hoje_ref.97d44997-3bbd-3916-8e02-f6b41f0181e4,-46.44416,-8.9236,2022-05-19T17:05:00,AQUA_M-T,ALTO PARNAÍBA,MARANHÃO,Brasil,POINT (-8.9236 -46.44416)
focos_ams_ontem_hoje_ref.930efdda-4644-3840-b370-2b2bf94615fc,-50.85784,-9.10894,2022-05-19T17:05:00,AQUA_M-T,SANTANA DO ARAGUAIA,PARÁ,Brasil,POINT (-9.10894 -50.85784)
focos_ams_ontem_hoje_ref.f51cf7b7-b015-33cf-bec5-4977fafcd3a7,-49.64433,-9.16516,2022-05-19T17:05:00,AQUA_M-T,ARAGUACEMA,TOCANTINS,Brasil,POINT (-9.16516 -49.64433)
focos_ams_ontem_hoje_ref.899ebf07-3c07-3ade-b97e-dee8bf123dc9,-47.82516,-9.2039,2022-05-19T17:05:00,AQUA_M-T,PEDRO AFONSO,TOCANTINS,Brasil,POINT (-9.2039 -47.82516)
focos_ams_ontem_hoje_ref.e729d825-6f6d-3bb9-861c-9116bf706ff8,-47.83532,-9.2054,2022-05-19T17:05:00,AQUA_M-T,PEDRO AFONSO,TOCANTINS,Brasil,POINT (-9.2054 -47.83532)
focos_ams_ontem_hoje_ref.0e2e2d53-498c-34eb-ad9c-013cc0f7d618,-50.53557,-9.22929,2022-05-19T17:05:00,AQUA_M-T,SANTANA DO ARAGUAIA,PARÁ,Brasil,POINT (-9.22929 -50.53557)
focos_ams_ontem_hoje_ref.e84aaf25-a807-3731-83f3-49143659cd31,-49.92906,-9.25314,2022-05-19T17:05:00,AQUA_M-T,CASEARA,TOCANTINS,Brasil,POINT (-9.25314 -49.92906)
focos_ams_ontem_hoje_ref.891524c7-0d1a-3cd4-8821-2db777de0959,-48.37711,-9.33869,2022-05-19T17:05:00,AQUA_M-T,MIRACEMA DO TOCANTINS,TOCANTINS,Brasil,POINT (-9.33869 -48.37711)
focos_ams_ontem_hoje_ref.641fc6f7-2e37-31c7-8520-081d25cfb4b7,-52.17229,-10.06477,2022-05-19T17:05:00,AQUA_M-T,SANTA CRUZ DO XINGU,MATO GROSSO,Brasil,POINT (-10.06477 -52.17229)
focos_ams_ontem_hoje_ref.e3b9a291-c636-3209-9f1d-f0f7f23f7db1,-49.20845,-10.04997,2022-05-19T17:05:00,AQUA_M-T,MONTE SANTO DO TOCANTINS,TOCANTINS,Brasil,POINT (-10.04997 -49.20845)
focos_ams_ontem_hoje_ref.ec4a25df-9cb7-3ea4-80bc-cb444e1a76b6,-49.21759,-10.05129,2022-05-19T17:05:00,AQUA_M-T,MONTE SANTO DO TOCANTINS,TOCANTINS,Brasil,POINT (-10.05129 -49.21759)
focos_ams_ontem_hoje_ref.05ade55c-5980-338e-ae97-18c71b2e08ed,-47.73594,-10.05305,2022-05-19T17:05:00,AQUA_M-T,NOVO ACORDO,TOCANTINS,Brasil,POINT (-10.05305 -47.73594)
focos_ams_ontem_hoje_ref.7121f681-6c7c-343b-b34a-b0f7fd87ef36,-47.74607,-10.05458,2022-05-19T17:05:00,AQUA_M-T,NOVO ACORDO,TOCANTINS,Brasil,POINT (-10.05458 -47.74607)
focos_ams_ontem_hoje_ref.e636b785-9af6-34f6-9c05-81af4aa0d9d8,-47.73448,-10.0625,2022-05-19T17:05:00,AQUA_M-T,NOVO ACORDO,TOCANTINS,Brasil,POINT (-10.0625 -47.73448)
focos_ams_ontem_hoje_ref.cc2b2190-53f9-3998-af1e-9c4d1bd80c33,-47.91479,-9.72124,2022-05-19T17:05:00,AQUA_M-T,TOCANTÍNIA,TOCANTINS,Brasil,POINT (-9.72124 -47.91479)
focos_ams_ontem_hoje_ref.6c4c1443-b228-3986-aa05-746797ce5e1e,-47.21382,-9.74662,2022-05-19T17:05:00,AQUA_M-T,RIO SONO,TOCANTINS,Brasil,POINT (-9.74662 -47.21382)
focos_ams_ontem_hoje_ref.88a52ec1-9412-313b-b0e7-6ab4b2c9dd5c,-46.11848,-9.77198,2022-05-19T17:05:00,AQUA_M-T,ALTO PARNAÍBA,MARANHÃO,Brasil,POINT (-9.77198 -46.11848)
focos_ams_ontem_hoje_ref.aaa43daf-d8cd-3fd8-8803-0b5603890df2,-50.37813,-9.82274,2022-05-19T17:05:00,AQUA_M-T,SANTANA DO ARAGUAIA,PARÁ,Brasil,POINT (-9.82274 -50.37813)
focos_ams_ontem_hoje_ref.09122eda-a18e-3f56-87c4-cdfee2b04c93,-50.38722,-9.82403,2022-05-19T17:05:00,AQUA_M-T,SANTANA DO ARAGUAIA,PARÁ,Brasil,POINT (-9.82403 -50.38722)
focos_ams_ontem_hoje_ref.6799a314-7f62-3db0-a10b-82b4ee55bad4,-50.3859,-9.83302,2022-05-19T17:05:00,AQUA_M-T,SANTA TEREZINHA,MATO GROSSO,Brasil,POINT (-9.83302 -50.3859)
focos_ams_ontem_hoje_ref.9a077e5c-8987-316e-a500-18cb97e5b079,-47.48335,-9.86007,2022-05-19T17:05:00,AQUA_M-T,RIO SONO,TOCANTINS,Brasil,POINT (-9.86007 -47.48335)
focos_ams_ontem_hoje_ref.853c8d9b-be75-31f3-8c92-a182a758be90,-47.49379,-9.86164,2022-05-19T17:05:00,AQUA_M-T,RIO SONO,TOCANTINS,Brasil,POINT (-9.86164 -47.49379)
focos_ams_ontem_hoje_ref.07cee343-5d99-35cb-98c3-6766aebd53ce,-48.47335,-9.94284,2022-05-19T17:05:00,AQUA_M-T,MIRACEMA DO TOCANTINS,TOCANTINS,Brasil,POINT (-9.94284 -48.47335)
focos_ams_ontem_hoje_ref.906887d0-04e9-38c1-be25-73a2a3ce463a,-48.48284,-9.94423,2022-05-19T17:05:00,AQUA_M-T,MIRACEMA DO TOCANTINS,TOCANTINS,Brasil,POINT (-9.94423 -48.48284)
focos_ams_ontem_hoje_ref.42293489-224e-3398-8be1-e5ff06d2de05,-47.04049,-9.94717,2022-05-19T17:05:00,AQUA_M-T,LIZARDA,TOCANTINS,Brasil,POINT (-9.94717 -47.04049)
focos_ams_ontem_hoje_ref.11066b9b-caf6-30a4-bb9e-02e202b1303b,-48.09063,-9.95079,2022-05-19T17:05:00,AQUA_M-T,APARECIDA DO RIO NEGRO,TOCANTINS,Brasil,POINT (-9.95079 -48.09063)
focos_ams_ontem_hoje_ref.e63b8056-c947-3742-91ba-157c4e19d7f6,-45.09816,-8.50264,2022-05-19T17:05:00,AQUA_M-T,BAIXA GRANDE DO RIBEIRO,PIAUÍ,Brasil,POINT (-8.50264 -45.09816)
focos_ams_ontem_hoje_ref.0be03d8c-f84a-3163-99af-411ad681e0bb,-45.08929,-8.50304,2022-05-19T17:05:00,AQUA_M-T,BAIXA GRANDE DO RIBEIRO,PIAUÍ,Brasil,POINT (-8.50304 -45.08929)
focos_ams_ontem_hoje_ref.b3ed2be0-b055-332b-a82d-0a7974329fca,-45.10457,-8.5054,2022-05-19T17:05:00,AQUA_M-T,BAIXA GRANDE DO RIBEIRO,PIAUÍ,Brasil,POINT (-8.5054 -45.10457)
focos_ams_ontem_hoje_ref.8ea6db29-eced-359d-a9af-31ff6237e501,-45.0809,-8.51169,2022-05-19T17:05:00,AQUA_M-T,BAIXA GRANDE DO RIBEIRO,PIAUÍ,Brasil,POINT (-8.51169 -45.0809)
focos_ams_ontem_hoje_ref.7bb6f170-bef1-38a2-8e83-d9320e46937a,-45.09639,-8.51419,2022-05-19T17:05:00,AQUA_M-T,BAIXA GRANDE DO RIBEIRO,PIAUÍ,Brasil,POINT (-8.51419 -45.09639)
focos_ams_ontem_hoje_ref.e4387637-1bc8-3771-ac12-7fc8f06affea,-45.08749,-8.5146,2022-05-19T17:05:00,AQUA_M-T,BAIXA GRANDE DO RIBEIRO,PIAUÍ,Brasil,POINT (-8.5146 -45.08749)
focos_ams_ontem_hoje_ref.f1dafc38-0c42-3a1e-a990-37278035021f,-45.10289,-8.51696,2022-05-19T17:05:00,AQUA_M-T,BAIXA GRANDE DO RIBEIRO,PIAUÍ,Brasil,POINT (-8.51696 -45.10289)
focos_ams_ontem_hoje_ref.516b5375-ec08-357f-8fd7-28957099688d,-45.10212,-8.64172,2022-05-19T17:05:00,AQUA_M-T,BAIXA GRANDE DO RIBEIRO,PIAUÍ,Brasil,POINT (-8.64172 -45.10212)
focos_ams_ontem_hoje_ref.9dd993a8-e8b2-30ae-a3cf-4ac3f5e253cd,-45.11754,-8.64417,2022-05-19T17:05:00,AQUA_M-T,BAIXA GRANDE DO RIBEIRO,PIAUÍ,Brasil,POINT (-8.64417 -45.11754)
focos_ams_ontem_hoje_ref.d4309680-6b0f-33e4-8d70-6a826df90af4,-45.66119,-8.67265,2022-05-19T17:05:00,AQUA_M-T,SANTA FILOMENA,PIAUÍ,Brasil,POINT (-8.67265 -45.66119)
focos_ams_ontem_hoje_ref.97415774-5322-361a-b0f8-b36ea4d568d1,-45.67389,-8.68588,2022-05-19T17:05:00,AQUA_M-T,SANTA FILOMENA,PIAUÍ,Brasil,POINT (-8.68588 -45.67389)
focos_ams_ontem_hoje_ref.181655bf-ac39-3b23-8e8d-762bf09ca9d8,-45.67575,-8.67489,2022-05-19T17:05:00,AQUA_M-T,SANTA FILOMENA,PIAUÍ,Brasil,POINT (-8.67489 -45.67575)
focos_ams_ontem_hoje_ref.11ef7b16-a113-3516-b470-1e1697fa14b8,-45.68244,-8.68823,2022-05-19T17:05:00,AQUA_M-T,SANTA FILOMENA,PIAUÍ,Brasil,POINT (-8.68823 -45.68244)
focos_ams_ontem_hoje_ref.2c726514-9c84-3598-994a-f1c82e18bdc0,-48.83061,-9.42422,2022-05-19T17:05:00,AQUA_M-T,DOIS IRMÃOS DO TOCANTINS,TOCANTINS,Brasil,POINT (-9.42422 -48.83061)
focos_ams_ontem_hoje_ref.cccaf194-9f98-3188-8544-22de8a328d08,-49.36305,-9.42877,2022-05-19T17:05:00,AQUA_M-T,ABREULÂNDIA,TOCANTINS,Brasil,POINT (-9.42877 -49.36305)
focos_ams_ontem_hoje_ref.36988eb2-ed5e-3850-a7c7-0ca4e08516bb,-47.4206,-9.45271,2022-05-19T17:05:00,AQUA_M-T,RIO SONO,TOCANTINS,Brasil,POINT (-9.45271 -47.4206)
focos_ams_ontem_hoje_ref.c12da6b1-6aa6-31b9-9320-42d59f94d16c,-48.05066,-9.49344,2022-05-19T17:05:00,AQUA_M-T,TOCANTÍNIA,TOCANTINS,Brasil,POINT (-9.49344 -48.05066)
focos_ams_ontem_hoje_ref.90bededc-1b8d-3257-aa28-ac860886e5da,-48.06063,-9.49492,2022-05-19T17:05:00,AQUA_M-T,TOCANTÍNIA,TOCANTINS,Brasil,POINT (-9.49492 -48.06063)
focos_ams_ontem_hoje_ref.c36de3b4-ff54-3440-af84-61a55dfe78d9,-48.02782,-9.50923,2022-05-19T17:05:00,AQUA_M-T,TOCANTÍNIA,TOCANTINS,Brasil,POINT (-9.50923 -48.02782)
focos_ams_ontem_hoje_ref.44e10082-c164-35bc-8112-4e9dbf75aaa8,-48.02032,-9.51457,2022-05-19T17:05:00,AQUA_M-T,TOCANTÍNIA,TOCANTINS,Brasil,POINT (-9.51457 -48.02032)
focos_ams_ontem_hoje_ref.04ca8397-c2bb-3bbf-a1eb-bf27160cb67c,-47.50806,-9.51523,2022-05-19T17:05:00,AQUA_M-T,RIO SONO,TOCANTINS,Brasil,POINT (-9.51523 -47.50806)
focos_ams_ontem_hoje_ref.910d7161-6871-3f1b-80c7-a49cecb7f1f9,-48.03027,-9.51607,2022-05-19T17:05:00,AQUA_M-T,TOCANTÍNIA,TOCANTINS,Brasil,POINT (-9.51607 -48.03027)
focos_ams_ontem_hoje_ref.89faca0b-6ef0-3ff7-97e9-7094a75ffa66,-47.51853,-9.51679,2022-05-19T17:05:00,AQUA_M-T,RIO SONO,TOCANTINS,Brasil,POINT (-9.51679 -47.51853)
focos_ams_ontem_hoje_ref.eaa8478d-c111-306c-9322-2dadf2f94e64,-48.04023,-9.51758,2022-05-19T17:05:00,AQUA_M-T,TOCANTÍNIA,TOCANTINS,Brasil,POINT (-9.51758 -48.04023)
focos_ams_ontem_hoje_ref.85461176-45c4-34b9-b759-330d19cae408,-46.21658,-9.52108,2022-05-19T17:05:00,AQUA_M-T,ALTO PARNAÍBA,MARANHÃO,Brasil,POINT (-9.52108 -46.21658)
focos_ams_ontem_hoje_ref.b6cf5781-e5bf-3c24-9042-a52f6853598e,-48.02886,-9.52545,2022-05-19T17:05:00,AQUA_M-T,TOCANTÍNIA,TOCANTINS,Brasil,POINT (-9.52545 -48.02886)
focos_ams_ontem_hoje_ref.6a259ff0-e6c7-3517-9072-cc3d22da0c0e,-48.0388,-9.52695,2022-05-19T17:05:00,AQUA_M-T,TOCANTÍNIA,TOCANTINS,Brasil,POINT (-9.52695 -48.0388)
focos_ams_ontem_hoje_ref.87c41880-fb87-3691-b500-710c58056f83,-52.01201,-9.56463,2022-05-19T17:05:00,AQUA_M-T,SÃO FÉLIX DO XINGU,PARÁ,Brasil,POINT (-9.56463 -52.01201)
focos_ams_ontem_hoje_ref.8da8d875-b944-395f-8b8f-f367d979eba7,-52.02216,-9.56603,2022-05-19T17:05:00,AQUA_M-T,SÃO FÉLIX DO XINGU,PARÁ,Brasil,POINT (-9.56603 -52.02216)
focos_ams_ontem_hoje_ref.a6900dd9-6e81-3995-bce4-d889dfe0ddf9,-48.35715,-9.60315,2022-05-19T17:05:00,AQUA_M-T,TOCANTÍNIA,TOCANTINS,Brasil,POINT (-9.60315 -48.35715)
focos_ams_ontem_hoje_ref.d3962574-86fb-30f1-9505-31401dcb4b4a,-48.36677,-9.60458,2022-05-19T17:05:00,AQUA_M-T,TOCANTÍNIA,TOCANTINS,Brasil,POINT (-9.60458 -48.36677)
focos_ams_ontem_hoje_ref.e867998f-f15c-376f-b029-a83640a537ab,-52.8294,-18.31203,2022-05-19T17:02:00,AQUA_M-T,COSTA RICA,MATO GROSSO DO SUL,Brasil,POINT (-18.31203 -52.8294)
focos_ams_ontem_hoje_ref.07e5ffd0-3844-322d-90a0-777240d881b7,-54.40501,-11.42816,2022-05-19T17:02:00,AQUA_M-T,UNIÃO DO SUL,MATO GROSSO,Brasil,POINT (-11.42816 -54.40501)
focos_ams_ontem_hoje_ref.bb35f360-5784-3c20-9a22-7373b14210bd,-39.74846,-15.58529,2022-05-19T17:02:00,AQUA_M-T,POTIRAGUÁ,BAHIA,Brasil,POINT (-15.58529 -39.74846)
focos_ams_ontem_hoje_ref.7bc849af-1df6-38af-b4f8-7312ca554aa9,-39.77386,-15.58636,2022-05-19T17:02:00,AQUA_M-T,POTIRAGUÁ,BAHIA,Brasil,POINT (-15.58636 -39.77386)
focos_ams_ontem_hoje_ref.f1c13236-895a-32ea-b944-547f11dff23f,-39.77813,-15.59076,2022-05-19T17:02:00,AQUA_M-T,POTIRAGUÁ,BAHIA,Brasil,POINT (-15.59076 -39.77813)
focos_ams_ontem_hoje_ref.30df5c8f-08fe-370e-a809-988f2bfbb156,-52.81998,-11.40646,2022-05-19T17:02:00,AQUA_M-T,SÃO FÉLIX DO ARAGUAIA,MATO GROSSO,Brasil,POINT (-11.40646 -52.81998)
focos_ams_ontem_hoje_ref.a5e0d946-f224-3d32-99ce-ba720dc0f2ee,-42.11912,-16.84979,2022-05-19T17:02:00,AQUA_M-T,ARAÇUAÍ,MINAS GERAIS,Brasil,POINT (-16.84979 -42.11912)
focos_ams_ontem_hoje_ref.54a4586b-7b86-3735-80d0-1e6e1db70180,-50.9953,-11.45482,2022-05-19T17:02:00,AQUA_M-T,SÃO FÉLIX DO ARAGUAIA,MATO GROSSO,Brasil,POINT (-11.45482 -50.9953)
focos_ams_ontem_hoje_ref.60bff871-72d8-341a-9b87-48b1a4c0564a,-42.13819,-16.85307,2022-05-19T17:02:00,AQUA_M-T,ARAÇUAÍ,MINAS GERAIS,Brasil,POINT (-16.85307 -42.13819)
focos_ams_ontem_hoje_ref.1f9617f6-32b2-3e64-9d23-7ed088ab8fc3,-42.13038,-16.85542,2022-05-19T17:02:00,AQUA_M-T,ARAÇUAÍ,MINAS GERAIS,Brasil,POINT (-16.85542 -42.13038)
focos_ams_ontem_hoje_ref.b5d6eb37-8f2f-3189-aebe-a338d3620446,-50.7032,-11.9375,2022-05-19T17:02:00,AQUA_M-T,NOVO SANTO ANTÔNIO,MATO GROSSO,Brasil,POINT (-11.9375 -50.7032)
focos_ams_ontem_hoje_ref.fd6319a8-ab9d-3459-a5e0-f0cf0cc25168,-48.46658,-11.92052,2022-05-19T17:02:00,AQUA_M-T,PEIXE,TOCANTINS,Brasil,POINT (-11.92052 -48.46658)
focos_ams_ontem_hoje_ref.5072cab7-cb1a-3c9e-b15e-1ab1300311d2,-57.78712,-11.89661,2022-05-19T17:02:00,AQUA_M-T,JUARA,MATO GROSSO,Brasil,POINT (-11.89661 -57.78712)
focos_ams_ontem_hoje_ref.0bfb6600-1cf9-3469-8188-dc671b26fa46,-49.73764,-12.20646,2022-05-19T17:02:00,AQUA_M-T,SANDOLÂNDIA,TOCANTINS,Brasil,POINT (-12.20646 -49.73764)
focos_ams_ontem_hoje_ref.f92f5f91-6ce4-3c2f-9908-4bdf4d74f2aa,-48.34223,-12.1697,2022-05-19T17:02:00,AQUA_M-T,PEIXE,TOCANTINS,Brasil,POINT (-12.1697 -48.34223)
focos_ams_ontem_hoje_ref.a8f15eed-85f3-3278-af2c-a25965b7659a,-48.33287,-12.16832,2022-05-19T17:02:00,AQUA_M-T,PEIXE,TOCANTINS,Brasil,POINT (-12.16832 -48.33287)
focos_ams_ontem_hoje_ref.2b276aa4-06f1-35f0-88ad-3187f51587ed,-46.80393,-11.78291,2022-05-19T17:02:00,AQUA_M-T,DIANÓPOLIS,TOCANTINS,Brasil,POINT (-11.78291 -46.80393)
focos_ams_ontem_hoje_ref.a6f0f6a3-888f-3ba8-8607-d890df01733e,-47.42498,-11.81313,2022-05-19T17:02:00,AQUA_M-T,ALMAS,TOCANTINS,Brasil,POINT (-11.81313 -47.42498)
focos_ams_ontem_hoje_ref.8839f258-adc0-32f7-90d4-e5e983622990,-57.7659,-11.89397,2022-05-19T17:02:00,AQUA_M-T,JUARA,MATO GROSSO,Brasil,POINT (-11.89397 -57.7659)
focos_ams_ontem_hoje_ref.54cc441b-bd9e-318e-a698-14b32db87cbd,-57.75907,-11.89347,2022-05-19T17:02:00,AQUA_M-T,JUARA,MATO GROSSO,Brasil,POINT (-11.89347 -57.75907)
focos_ams_ontem_hoje_ref.dc45b36b-913d-3a57-b289-e2587cdeffb6,-47.43508,-11.81464,2022-05-19T17:02:00,AQUA_M-T,ALMAS,TOCANTINS,Brasil,POINT (-11.81464 -47.43508)
focos_ams_ontem_hoje_ref.170b834f-da03-3c95-8ed6-f3cab0bd0d02,-49.08107,-11.78071,2022-05-19T17:02:00,AQUA_M-T,GURUPI,TOCANTINS,Brasil,POINT (-11.78071 -49.08107)
focos_ams_ontem_hoje_ref.0f93074e-2d46-3998-85e6-60cfee3ec3f8,-52.31558,-17.30249,2022-05-19T17:02:00,AQUA_M-T,MINEIROS,GOIÁS,Brasil,POINT (-17.30249 -52.31558)
focos_ams_ontem_hoje_ref.55ddc7b1-da82-3af7-8bf1-15b322fa49ba,-47.23259,-11.77468,2022-05-19T17:02:00,AQUA_M-T,ALMAS,TOCANTINS,Brasil,POINT (-11.77468 -47.23259)
focos_ams_ontem_hoje_ref.c80d0e68-4ce5-3db7-b224-a3c19ae9fdf8,-47.35141,-11.7538,2022-05-19T17:02:00,AQUA_M-T,ALMAS,TOCANTINS,Brasil,POINT (-11.7538 -47.35141)
focos_ams_ontem_hoje_ref.61548339-2493-3f5d-a6b6-217dc229f726,-51.56264,-16.15991,2022-05-19T17:02:00,AQUA_M-T,MONTES CLAROS DE GOIÁS,GOIÁS,Brasil,POINT (-16.15991 -51.56264)
focos_ams_ontem_hoje_ref.154c0e44-7059-33eb-8181-ce10a549ce69,-47.3412,-11.75225,2022-05-19T17:02:00,AQUA_M-T,ALMAS,TOCANTINS,Brasil,POINT (-11.75225 -47.3412)
focos_ams_ontem_hoje_ref.ed53c2f5-a02c-32de-ae26-68031355c373,-56.83773,-11.67735,2022-05-19T17:02:00,AQUA_M-T,PORTO DOS GAÚCHOS,MATO GROSSO,Brasil,POINT (-11.67735 -56.83773)
focos_ams_ontem_hoje_ref.cf6305b9-a4dd-36d7-b3c5-de0c7f5c00b3,-52.32902,-17.30415,2022-05-19T17:02:00,AQUA_M-T,MINEIROS,GOIÁS,Brasil,POINT (-17.30415 -52.32902)
focos_ams_ontem_hoje_ref.93e195fe-e643-393f-8f2d-97543d6e847f,-50.49593,-11.64174,2022-05-19T17:02:00,AQUA_M-T,FORMOSO DO ARAGUAIA,TOCANTINS,Brasil,POINT (-11.64174 -50.49593)
focos_ams_ontem_hoje_ref.9149a3a3-294d-3d17-b4a9-fb5738bd057c,-46.72173,-11.53607,2022-05-19T17:02:00,AQUA_M-T,DIANÓPOLIS,TOCANTINS,Brasil,POINT (-11.53607 -46.72173)
focos_ams_ontem_hoje_ref.4e4c3bff-c332-398d-8b1b-034f78c276c9,-54.97055,-11.54754,2022-05-19T17:02:00,AQUA_M-T,CLÁUDIA,MATO GROSSO,Brasil,POINT (-11.54754 -54.97055)
focos_ams_ontem_hoje_ref.12c531a1-27b0-3040-84ad-d44afc529b19,-51.6074,-17.87457,2022-05-19T17:02:00,AQUA_M-T,JATAÍ,GOIÁS,Brasil,POINT (-17.87457 -51.6074)
focos_ams_ontem_hoje_ref.a8b684e9-3f65-3570-a495-6451c7b3050b,-48.48646,-11.51804,2022-05-19T17:02:00,AQUA_M-T,PEIXE,TOCANTINS,Brasil,POINT (-11.51804 -48.48646)
focos_ams_ontem_hoje_ref.62a84292-f183-3e3d-b1b0-759851e0bfd6,-52.81436,-18.3102,2022-05-19T17:02:00,AQUA_M-T,CHAPADÃO DO CÉU,GOIÁS,Brasil,POINT (-18.3102 -52.81436)
focos_ams_ontem_hoje_ref.b95540b7-9450-3eb7-ab33-ffd93259be70,-48.47709,-11.51664,2022-05-19T17:02:00,AQUA_M-T,PEIXE,TOCANTINS,Brasil,POINT (-11.51664 -48.47709)
focos_ams_ontem_hoje_ref.86111392-5374-33f9-be79-6c14cd8c2ae9,-51.00359,-11.46536,2022-05-19T17:02:00,AQUA_M-T,SÃO FÉLIX DO ARAGUAIA,MATO GROSSO,Brasil,POINT (-11.46536 -51.00359)
focos_ams_ontem_hoje_ref.26b987c2-7600-3fc5-8203-f36b38c366e2,-50.99397,-11.46402,2022-05-19T17:02:00,AQUA_M-T,SÃO FÉLIX DO ARAGUAIA,MATO GROSSO,Brasil,POINT (-11.46402 -50.99397)
focos_ams_ontem_hoje_ref.ee9ba714-36f7-3545-a5c9-cd556e4e4c82,-51.00492,-11.45615,2022-05-19T17:02:00,AQUA_M-T,SÃO FÉLIX DO ARAGUAIA,MATO GROSSO,Brasil,POINT (-11.45615 -51.00492)
focos_ams_ontem_hoje_ref.0ec60537-6164-3327-86f3-20fceddcabff,-42.14914,-16.85879,2022-05-19T17:02:00,AQUA_M-T,ARAÇUAÍ,MINAS GERAIS,Brasil,POINT (-16.85879 -42.14914)
focos_ams_ontem_hoje_ref.2e9ca2c4-6217-3e61-978a-57f15f94d92c,-51.46614,-11.22463,2022-05-19T17:02:00,AQUA_M-T,SÃO FÉLIX DO ARAGUAIA,MATO GROSSO,Brasil,POINT (-11.22463 -51.46614)
focos_ams_ontem_hoje_ref.e8432688-2900-36c4-8eeb-486a8d2ba7b3,-48.14819,-11.17442,2022-05-19T17:02:00,AQUA_M-T,SILVANÓPOLIS,TOCANTINS,Brasil,POINT (-11.17442 -48.14819)
focos_ams_ontem_hoje_ref.20b9c165-453e-3f0e-8f5c-7031e2b3b625,-50.93401,-11.1326,2022-05-19T17:02:00,AQUA_M-T,LUCIARA,MATO GROSSO,Brasil,POINT (-11.1326 -50.93401)
focos_ams_ontem_hoje_ref.1a52db72-6f59-3b48-96a9-a7e9242c2c1e,-50.92448,-11.13128,2022-05-19T17:02:00,AQUA_M-T,LUCIARA,MATO GROSSO,Brasil,POINT (-11.13128 -50.92448)
focos_ams_ontem_hoje_ref.739cbd4e-d501-3484-9259-338f0e436d0d,-48.3815,-13.67617,2022-05-19T17:02:00,AQUA_M-T,MINAÇU,GOIÁS,Brasil,POINT (-13.67617 -48.3815)
focos_ams_ontem_hoje_ref.5a169fb3-9895-323b-90fb-7e509caa7cb7,-49.05345,-10.99453,2022-05-19T17:02:00,AQUA_M-T,SANTA RITA DO TOCANTINS,TOCANTINS,Brasil,POINT (-10.99453 -49.05345)
focos_ams_ontem_hoje_ref.a26de64a-4e44-31c3-8cee-18ac59253e36,-48.39075,-13.67752,2022-05-19T17:02:00,AQUA_M-T,MINAÇU,GOIÁS,Brasil,POINT (-13.67752 -48.39075)
focos_ams_ontem_hoje_ref.8aa7dfc9-0ed7-30b9-9429-04c866563545,-50.931,-11.12499,2022-05-19T17:02:00,AQUA_M-T,LUCIARA,MATO GROSSO,Brasil,POINT (-11.12499 -50.931)
focos_ams_ontem_hoje_ref.8374cd7f-3677-3b6c-9480-1c1938fbcb2d,-49.0443,-10.99319,2022-05-19T17:02:00,AQUA_M-T,SANTA RITA DO TOCANTINS,TOCANTINS,Brasil,POINT (-10.99319 -49.0443)
focos_ams_ontem_hoje_ref.652f43c7-55a0-3ec1-a3fb-6a764c3f8c95,-47.74869,-13.71088,2022-05-19T17:02:00,AQUA_M-T,CAVALCANTE,GOIÁS,Brasil,POINT (-13.71088 -47.74869)
focos_ams_ontem_hoje_ref.8b6b2b20-820d-3504-b9a7-36e68dee1548,-48.10177,-10.89202,2022-05-19T17:02:00,AQUA_M-T,MONTE DO CARMO,TOCANTINS,Brasil,POINT (-10.89202 -48.10177)
focos_ams_ontem_hoje_ref.e37ffbf0-ee7e-36d7-86e1-dba69224cea7,-48.74693,-13.83907,2022-05-19T17:02:00,AQUA_M-T,CAMPINAÇU,GOIÁS,Brasil,POINT (-13.83907 -48.74693)
focos_ams_ontem_hoje_ref.4336c6f7-42a4-3ecc-8749-6947eedbf55c,-49.86165,-10.89055,2022-05-19T17:02:00,AQUA_M-T,LAGOA DA CONFUSÃO,TOCANTINS,Brasil,POINT (-10.89055 -49.86165)
focos_ams_ontem_hoje_ref.cf5bf703-ce5f-3a9f-a736-f67305c30c85,-48.10323,-10.8828,2022-05-19T17:02:00,AQUA_M-T,MONTE DO CARMO,TOCANTINS,Brasil,POINT (-10.8828 -48.10323)
focos_ams_ontem_hoje_ref.1a8158c9-fb29-34ec-afec-61a277303911,-44.3484,-15.55208,2022-05-19T17:02:00,AQUA_M-T,PEDRAS DE MARIA DA CRUZ,MINAS GERAIS,Brasil,POINT (-15.55208 -44.3484)
focos_ams_ontem_hoje_ref.b774a604-7540-35a2-bbef-2ac0348604da,-42.52888,-13.79088,2022-05-19T17:02:00,AQUA_M-T,CAETITÉ,BAHIA,Brasil,POINT (-13.79088 -42.52888)
focos_ams_ontem_hoje_ref.3c00536c-1be1-33dc-b9f9-1f3d03777094,-49.88792,-13.96504,2022-05-19T17:02:00,AQUA_M-T,UIRAPURU,GOIÁS,Brasil,POINT (-13.96504 -49.88792)
focos_ams_ontem_hoje_ref.052b2f46-0132-3c38-a9e5-2af07e24a780,-42.53589,-13.79102,2022-05-19T17:02:00,AQUA_M-T,CAETITÉ,BAHIA,Brasil,POINT (-13.79102 -42.53589)
focos_ams_ontem_hoje_ref.e5e17809-7819-36bf-9000-4e25091cabd0,-47.02679,-14.07067,2022-05-19T17:02:00,AQUA_M-T,SÃO JOÃO D'ALIANÇA,GOIÁS,Brasil,POINT (-14.07067 -47.02679)
focos_ams_ontem_hoje_ref.f2b419ea-57e4-3d2b-836a-37d6e4ee5d10,-42.54837,-13.79431,2022-05-19T17:02:00,AQUA_M-T,CAETITÉ,BAHIA,Brasil,POINT (-13.79431 -42.54837)
focos_ams_ontem_hoje_ref.a9a105d6-fb4f-3481-a33a-8c004cef2dcd,-43.36106,-13.97251,2022-05-19T17:02:00,AQUA_M-T,RIACHO DE SANTANA,BAHIA,Brasil,POINT (-13.97251 -43.36106)
focos_ams_ontem_hoje_ref.3abd5df3-526c-3367-898a-eea973bd1212,-41.36677,-14.06621,2022-05-19T17:02:00,AQUA_M-T,BRUMADO,BAHIA,Brasil,POINT (-14.06621 -41.36677)
focos_ams_ontem_hoje_ref.8bc8341b-6951-32bb-a5b6-28c600e3229e,-47.0369,-14.07222,2022-05-19T17:02:00,AQUA_M-T,SÃO JOÃO D'ALIANÇA,GOIÁS,Brasil,POINT (-14.07222 -47.0369)
focos_ams_ontem_hoje_ref.e94bc20f-2dde-340a-a835-eceaaae3cd82,-46.76263,-14.0882,2022-05-19T17:02:00,AQUA_M-T,IACIARA,GOIÁS,Brasil,POINT (-14.0882 -46.76263)
focos_ams_ontem_hoje_ref.e1a8a719-fed3-3fcd-b153-d960c1d6a570,-41.36082,-14.06993,2022-05-19T17:02:00,AQUA_M-T,BRUMADO,BAHIA,Brasil,POINT (-14.06993 -41.36082)
focos_ams_ontem_hoje_ref.46f4ec35-77aa-3704-a74a-e0d3d39e51bf,-41.38506,-14.07428,2022-05-19T17:02:00,AQUA_M-T,BRUMADO,BAHIA,Brasil,POINT (-14.07428 -41.38506)
focos_ams_ontem_hoje_ref.b4fcded3-930c-3a75-91aa-d4889397921f,-48.03038,-14.15845,2022-05-19T17:02:00,AQUA_M-T,COLINAS DO SUL,GOIÁS,Brasil,POINT (-14.15845 -48.03038)
focos_ams_ontem_hoje_ref.ec1e6042-b63f-3c08-9334-41e1df7b689e,-48.58628,-12.11297,2022-05-19T17:02:00,AQUA_M-T,PEIXE,TOCANTINS,Brasil,POINT (-12.11297 -48.58628)
focos_ams_ontem_hoje_ref.1d3637e6-735c-333d-9819-08e82502b68f,-47.64978,-14.2861,2022-05-19T17:02:00,AQUA_M-T,ALTO PARAÍSO DE GOIÁS,GOIÁS,Brasil,POINT (-14.2861 -47.64978)
focos_ams_ontem_hoje_ref.b51af627-3192-3a79-9570-fd4e6e57c60f,-48.58767,-12.10394,2022-05-19T17:02:00,AQUA_M-T,PEIXE,TOCANTINS,Brasil,POINT (-12.10394 -48.58767)
focos_ams_ontem_hoje_ref.7edcce96-25e9-3c03-a4c0-65ad8be54e1b,-49.42954,-14.42456,2022-05-19T17:02:00,AQUA_M-T,PILAR DE GOIÁS,GOIÁS,Brasil,POINT (-14.42456 -49.42954)
focos_ams_ontem_hoje_ref.736be129-2392-31f6-b980-a719d0fe3645,-48.21411,-14.53528,2022-05-19T17:02:00,AQUA_M-T,NIQUELÂNDIA,GOIÁS,Brasil,POINT (-14.53528 -48.21411)
focos_ams_ontem_hoje_ref.ac00fc29-7fe5-3a5a-987c-0c2d45df002b,-47.03433,-14.5905,2022-05-19T17:02:00,AQUA_M-T,FLORES DE GOIÁS,GOIÁS,Brasil,POINT (-14.5905 -47.03433)
focos_ams_ontem_hoje_ref.3e4c544e-35f3-3abd-87ba-e6ba5e55ce50,-47.65927,-14.28751,2022-05-19T17:02:00,AQUA_M-T,ALTO PARAÍSO DE GOIÁS,GOIÁS,Brasil,POINT (-14.28751 -47.65927)
focos_ams_ontem_hoje_ref.a9c28fcd-c3f1-3b1d-b9d2-180e276514dc,-48.52862,-14.74696,2022-05-19T17:02:00,AQUA_M-T,NIQUELÂNDIA,GOIÁS,Brasil,POINT (-14.74696 -48.52862)
focos_ams_ontem_hoje_ref.52d9afbf-cade-3ee4-b7c0-33ea41a3bc31,-48.53784,-14.7483,2022-05-19T17:02:00,AQUA_M-T,NIQUELÂNDIA,GOIÁS,Brasil,POINT (-14.7483 -48.53784)
focos_ams_ontem_hoje_ref.3010f43a-2f50-3bfe-8581-31ed22805dfb,-50.19032,-15.20206,2022-05-19T17:02:00,AQUA_M-T,ARAGUAPAZ,GOIÁS,Brasil,POINT (-15.20206 -50.19032)
focos_ams_ontem_hoje_ref.ca007f26-6af5-3df0-9705-d8e0d249f71b,-50.20015,-15.20341,2022-05-19T17:02:00,AQUA_M-T,ARAGUAPAZ,GOIÁS,Brasil,POINT (-15.20341 -50.20015)
focos_ams_ontem_hoje_ref.ef8375ca-4ea3-3718-8de7-70276dbabb2f,-48.56754,-15.21203,2022-05-19T17:02:00,AQUA_M-T,PADRE BERNARDO,GOIÁS,Brasil,POINT (-15.21203 -48.56754)
focos_ams_ontem_hoje_ref.d9947f3f-8b03-3ba5-bf32-4678d8cc7bdd,-48.57677,-15.21337,2022-05-19T17:02:00,AQUA_M-T,PADRE BERNARDO,GOIÁS,Brasil,POINT (-15.21337 -48.57677)
focos_ams_ontem_hoje_ref.dbc58275-c1c1-31ff-a4df-672456a5c505,-46.08373,-15.24401,2022-05-19T17:02:00,AQUA_M-T,COCOS,BAHIA,Brasil,POINT (-15.24401 -46.08373)
focos_ams_ontem_hoje_ref.ba28fb71-b12e-3990-a2ad-1e32639f602c,-46.09463,-15.24571,2022-05-19T17:02:00,AQUA_M-T,COCOS,BAHIA,Brasil,POINT (-15.24571 -46.09463)
focos_ams_ontem_hoje_ref.5e2f6edf-87e0-33ca-a51a-6887bcc0db21,-50.56733,-15.45619,2022-05-19T17:02:00,AQUA_M-T,FAINA,GOIÁS,Brasil,POINT (-15.45619 -50.56733)
focos_ams_ontem_hoje_ref.1683258c-0d17-3676-a2b7-016f2c06dd23,-50.55714,-15.4548,2022-05-19T17:02:00,AQUA_M-T,FAINA,GOIÁS,Brasil,POINT (-15.4548 -50.55714)
focos_ams_ontem_hoje_ref.b42947e7-2a6a-3204-92b8-dc77a8395d0d,-48.49702,-15.9562,2022-05-19T17:02:00,AQUA_M-T,ALEXÂNIA,GOIÁS,Brasil,POINT (-15.9562 -48.49702)
focos_ams_ontem_hoje_ref.26f98487-f26a-320b-ae63-a6514a099509,-47.80657,-16.00354,2022-05-19T17:02:00,AQUA_M-T,BRASÍLIA,DISTRITO FEDERAL,Brasil,POINT (-16.00354 -47.80657)
focos_ams_ontem_hoje_ref.88cb9b28-2aca-3369-8e87-137b2777b41f,-47.73381,-16.52671,2022-05-19T17:02:00,AQUA_M-T,LUZIÂNIA,GOIÁS,Brasil,POINT (-16.52671 -47.73381)
focos_ams_ontem_hoje_ref.d6dc0112-8b09-3b84-a588-162c8b321480,-46.70721,-16.4175,2022-05-19T17:02:00,AQUA_M-T,UNAÍ,MINAS GERAIS,Brasil,POINT (-16.4175 -46.70721)
focos_ams_ontem_hoje_ref.6737fb4f-1c0f-39a2-b0f2-64576cecb3b1,-46.89612,-17.2397,2022-05-19T17:02:00,AQUA_M-T,PARACATU,MINAS GERAIS,Brasil,POINT (-17.2397 -46.89612)
focos_ams_ontem_hoje_ref.b82c57c6-c847-3b03-9eb9-954076f4babf,-46.89452,-17.24884,2022-05-19T17:02:00,AQUA_M-T,PARACATU,MINAS GERAIS,Brasil,POINT (-17.24884 -46.89452)
focos_ams_ontem_hoje_ref.049697c2-9e9e-3753-b61f-e03f45476598,-46.90434,-17.25031,2022-05-19T17:02:00,AQUA_M-T,PARACATU,MINAS GERAIS,Brasil,POINT (-17.25031 -46.90434)
focos_ams_ontem_hoje_ref.58c51c73-784d-308d-97ac-2189ab731a01,-46.42451,-17.305,2022-05-19T17:02:00,AQUA_M-T,JOÃO PINHEIRO,MINAS GERAIS,Brasil,POINT (-17.305 -46.42451)
focos_ams_ontem_hoje_ref.258a5087-3b8d-3018-b76f-6af9591916d4,-46.44,-17.33599,2022-05-19T17:02:00,AQUA_M-T,JOÃO PINHEIRO,MINAS GERAIS,Brasil,POINT (-17.33599 -46.44)
focos_ams_ontem_hoje_ref.df80ae93-e4b3-3a37-8c34-c86cf24e8f11,-46.45009,-17.33753,2022-05-19T17:02:00,AQUA_M-T,JOÃO PINHEIRO,MINAS GERAIS,Brasil,POINT (-17.33753 -46.45009)
focos_ams_ontem_hoje_ref.02418b97-999e-33a9-87d8-b6fd46a4d5d2,-46.43843,-17.34528,2022-05-19T17:02:00,AQUA_M-T,JOÃO PINHEIRO,MINAS GERAIS,Brasil,POINT (-17.34528 -46.43843)
focos_ams_ontem_hoje_ref.27a961ba-22f8-3c14-a7e1-61cac870821e,-48.58391,-17.53266,2022-05-19T17:02:00,AQUA_M-T,CALDAS NOVAS,GOIÁS,Brasil,POINT (-17.53266 -48.58391)
focos_ams_ontem_hoje_ref.bf7c17d5-37ed-3fcd-b6a8-5843c0ed40d9,-46.44852,-17.34682,2022-05-19T17:02:00,AQUA_M-T,JOÃO PINHEIRO,MINAS GERAIS,Brasil,POINT (-17.34682 -46.44852)
focos_ams_ontem_hoje_ref.ce2868be-7126-3b87-891f-797fb1e3621d,-46.42204,-17.66377,2022-05-19T17:02:00,AQUA_M-T,LAGOA GRANDE,MINAS GERAIS,Brasil,POINT (-17.66377 -46.42204)
focos_ams_ontem_hoje_ref.fb23e209-cdd2-3dd9-9832-24af76b1cc1b,-46.89635,-17.87565,2022-05-19T17:02:00,AQUA_M-T,VAZANTE,MINAS GERAIS,Brasil,POINT (-17.87565 -46.89635)
focos_ams_ontem_hoje_ref.024fbe38-22e6-3577-86b4-6e43dd93d10b,-43.8425,-13.43133,2022-05-19T17:02:00,AQUA_M-T,SERRA DO RAMALHO,BAHIA,Brasil,POINT (-13.43133 -43.8425)
focos_ams_ontem_hoje_ref.b291ce14-1058-341b-8f56-7abf4c22b57a,-46.28117,-11.21044,2022-05-19T17:02:00,AQUA_M-T,FORMOSA DO RIO PRETO,BAHIA,Brasil,POINT (-11.21044 -46.28117)
focos_ams_ontem_hoje_ref.8c19f2ea-9342-38b6-a3b8-a458c6344243,-45.80788,-11.63985,2022-05-19T17:02:00,AQUA_M-T,RIACHÃO DAS NEVES,BAHIA,Brasil,POINT (-11.63985 -45.80788)
focos_ams_ontem_hoje_ref.ad559246-97a3-38f0-8f4d-7fb8fee8cce6,-44.85575,-11.66311,2022-05-19T17:02:00,AQUA_M-T,RIACHÃO DAS NEVES,BAHIA,Brasil,POINT (-11.66311 -44.85575)
focos_ams_ontem_hoje_ref.f8cf675a-ab14-36e5-8e1b-72be94c3bc4d,-49.278,-18.44622,2022-05-19T17:02:00,AQUA_M-T,ITUMBIARA,GOIÁS,Brasil,POINT (-18.44622 -49.278)
focos_ams_ontem_hoje_ref.94583d78-b2d3-3a3f-b967-fb378b3c4df8,-44.84129,-11.6608,2022-05-19T17:02:00,AQUA_M-T,RIACHÃO DAS NEVES,BAHIA,Brasil,POINT (-11.6608 -44.84129)
focos_ams_ontem_hoje_ref.8ad17b6c-6857-367b-8ee3-de2b6a534969,-45.75089,-11.87454,2022-05-19T17:02:00,AQUA_M-T,LUÍS EDUARDO MAGALHÃES,BAHIA,Brasil,POINT (-11.87454 -45.75089)
focos_ams_ontem_hoje_ref.b0ebde69-3ad7-3e64-b008-dc83d9d7b39b,-45.76336,-11.87651,2022-05-19T17:02:00,AQUA_M-T,LUÍS EDUARDO MAGALHÃES,BAHIA,Brasil,POINT (-11.87651 -45.76336)
focos_ams_ontem_hoje_ref.a5e7815d-f2ba-37f6-bddd-4b131aa365a9,-45.74923,-11.88491,2022-05-19T17:02:00,AQUA_M-T,LUÍS EDUARDO MAGALHÃES,BAHIA,Brasil,POINT (-11.88491 -45.74923)
focos_ams_ontem_hoje_ref.a8cc27e6-a6be-3c1d-91e1-509b12f4b07c,-49.28778,-18.44755,2022-05-19T17:02:00,AQUA_M-T,ITUMBIARA,GOIÁS,Brasil,POINT (-18.44755 -49.28778)
focos_ams_ontem_hoje_ref.0b550c45-835f-3557-bf2e-59aa93ff011a,-45.76171,-11.88687,2022-05-19T17:02:00,AQUA_M-T,LUÍS EDUARDO MAGALHÃES,BAHIA,Brasil,POINT (-11.88687 -45.76171)
focos_ams_ontem_hoje_ref.9465d7f0-f550-30ef-a1fa-42e4b0952047,-45.04212,-12.0017,2022-05-19T17:02:00,AQUA_M-T,BARREIRAS,BAHIA,Brasil,POINT (-12.0017 -45.04212)
focos_ams_ontem_hoje_ref.996d9d0d-9b29-3917-b0dc-2bc48e722e8e,-49.86049,-10.88022,2022-05-19T17:02:00,AQUA_M-T,LAGOA DA CONFUSÃO,TOCANTINS,Brasil,POINT (-10.88022 -49.86049)
focos_ams_ontem_hoje_ref.c054182f-c6f5-3c94-8267-0ee0cd5c1bbb,-49.72849,-12.20515,2022-05-19T17:02:00,AQUA_M-T,SANDOLÂNDIA,TOCANTINS,Brasil,POINT (-12.20515 -49.72849)
focos_ams_ontem_hoje_ref.78a0908a-95ff-3d3e-8f90-39b896daf04d,-48.83039,-12.42553,2022-05-19T17:02:00,AQUA_M-T,TALISMÃ,TOCANTINS,Brasil,POINT (-12.42553 -48.83039)
focos_ams_ontem_hoje_ref.0dcd3435-d5a3-3404-9d17-ed6a074007da,-48.83957,-12.42686,2022-05-19T17:02:00,AQUA_M-T,TALISMÃ,TOCANTINS,Brasil,POINT (-12.42686 -48.83957)
focos_ams_ontem_hoje_ref.2d4c5012-72ce-35e9-894a-645919af2198,-47.93798,-12.57879,2022-05-19T17:02:00,AQUA_M-T,PARANÃ,TOCANTINS,Brasil,POINT (-12.57879 -47.93798)
focos_ams_ontem_hoje_ref.254f0e5f-1962-35d0-8224-53e2321b988c,-47.94756,-12.58022,2022-05-19T17:02:00,AQUA_M-T,PARANÃ,TOCANTINS,Brasil,POINT (-12.58022 -47.94756)
focos_ams_ontem_hoje_ref.0725a8a7-06bc-3ba9-a48e-28b3af8dc647,-54.39954,-12.58247,2022-05-19T17:02:00,AQUA_M-T,NOVA UBIRATÃ,MATO GROSSO,Brasil,POINT (-12.58247 -54.39954)
focos_ams_ontem_hoje_ref.1ea515d2-1675-315b-91b8-2f91fe5d5ad2,-54.39021,-12.60261,2022-05-19T17:02:00,AQUA_M-T,NOVA UBIRATÃ,MATO GROSSO,Brasil,POINT (-12.60261 -54.39021)
focos_ams_ontem_hoje_ref.8772e411-71e1-3e3d-b667-37e8f11ab840,-54.40596,-12.60455,2022-05-19T17:02:00,AQUA_M-T,NOVA UBIRATÃ,MATO GROSSO,Brasil,POINT (-12.60455 -54.40596)
focos_ams_ontem_hoje_ref.5542c7a1-b79f-3ec9-94b5-b2f88e062427,-54.40459,-12.61615,2022-05-19T17:02:00,AQUA_M-T,NOVA UBIRATÃ,MATO GROSSO,Brasil,POINT (-12.61615 -54.40459)
focos_ams_ontem_hoje_ref.e9db8e7b-e8d0-3aaa-b3ad-458d241bc32b,-54.39659,-12.60562,2022-05-19T17:02:00,AQUA_M-T,NOVA UBIRATÃ,MATO GROSSO,Brasil,POINT (-12.60562 -54.39659)
focos_ams_ontem_hoje_ref.c855186a-7a56-341f-855e-1d3d3a8927d5,-54.41235,-12.60768,2022-05-19T17:02:00,AQUA_M-T,NOVA UBIRATÃ,MATO GROSSO,Brasil,POINT (-12.60768 -54.41235)
focos_ams_ontem_hoje_ref.6057e434-15e7-3be0-8e57-7ee1b209d211,-54.42034,-12.61811,2022-05-19T17:02:00,AQUA_M-T,NOVA UBIRATÃ,MATO GROSSO,Brasil,POINT (-12.61811 -54.42034)
focos_ams_ontem_hoje_ref.5c87a47b-81cf-36e5-9c04-378c3670efbe,-47.69395,-12.6445,2022-05-19T17:02:00,AQUA_M-T,PARANÃ,TOCANTINS,Brasil,POINT (-12.6445 -47.69395)
focos_ams_ontem_hoje_ref.c5f3919b-fb30-3043-baca-f2ab242d6933,-56.82161,-12.80864,2022-05-19T17:02:00,AQUA_M-T,NOVA MARINGÁ,MATO GROSSO,Brasil,POINT (-12.80864 -56.82161)
focos_ams_ontem_hoje_ref.b375fb3e-969d-35a7-bdc4-1a11f291af0d,-53.30177,-13.14979,2022-05-19T17:02:00,AQUA_M-T,GAÚCHA DO NORTE,MATO GROSSO,Brasil,POINT (-13.14979 -53.30177)
focos_ams_ontem_hoje_ref.a910bd25-4468-3929-81ac-347e22e53e56,-53.3637,-14.23316,2022-05-19T17:02:00,AQUA_M-T,CAMPINÁPOLIS,MATO GROSSO,Brasil,POINT (-14.23316 -53.3637)
focos_ams_ontem_hoje_ref.0cc8d44e-c875-333c-97d8-fe9d61d8e3b2,-52.47451,-13.32728,2022-05-19T17:02:00,AQUA_M-T,CANARANA,MATO GROSSO,Brasil,POINT (-13.32728 -52.47451)
focos_ams_ontem_hoje_ref.3f232eed-d386-3467-a812-1b758917d599,-53.75632,-15.70733,2022-05-19T17:02:00,AQUA_M-T,GENERAL CARNEIRO,MATO GROSSO,Brasil,POINT (-15.70733 -53.75632)
focos_ams_ontem_hoje_ref.c65456fa-3320-3743-b4f9-587587800c4f,-53.74503,-15.70919,2022-05-19T17:02:00,AQUA_M-T,GENERAL CARNEIRO,MATO GROSSO,Brasil,POINT (-15.70919 -53.74503)
focos_ams_ontem_hoje_ref.e88fb351-dbdf-3679-b26b-8f2a6eb1b64a,-45.30343,-12.06968,2022-05-19T17:02:00,AQUA_M-T,BARREIRAS,BAHIA,Brasil,POINT (-12.06968 -45.30343)
focos_ams_ontem_hoje_ref.a6dd2347-f30f-3ea1-a507-fb1102d8d540,-49.6908,-10.83756,2022-05-19T17:02:00,AQUA_M-T,LAGOA DA CONFUSÃO,TOCANTINS,Brasil,POINT (-10.83756 -49.6908)
focos_ams_ontem_hoje_ref.033cdf86-5276-38af-a682-b50c42619fc4,-45.88108,-12.2321,2022-05-19T17:02:00,AQUA_M-T,LUÍS EDUARDO MAGALHÃES,BAHIA,Brasil,POINT (-12.2321 -45.88108)
focos_ams_ontem_hoje_ref.9bd7cb30-708d-3286-8232-404c41e48e71,-49.74655,-10.83641,2022-05-19T17:02:00,AQUA_M-T,LAGOA DA CONFUSÃO,TOCANTINS,Brasil,POINT (-10.83641 -49.74655)
focos_ams_ontem_hoje_ref.5af273fd-283b-3436-8eae-f2c95d3ebee4,-49.75057,-10.80953,2022-05-19T17:02:00,AQUA_M-T,LAGOA DA CONFUSÃO,TOCANTINS,Brasil,POINT (-10.80953 -49.75057)
focos_ams_ontem_hoje_ref.78f086a6-84e1-3ad0-ba59-409492a85cbf,-49.7415,-10.80823,2022-05-19T17:02:00,AQUA_M-T,LAGOA DA CONFUSÃO,TOCANTINS,Brasil,POINT (-10.80823 -49.7415)
focos_ams_ontem_hoje_ref.342a99e1-38b8-35f3-bcb4-23d3a14ad6d6,-44.47549,-12.42976,2022-05-19T17:02:00,AQUA_M-T,BAIANÓPOLIS,BAHIA,Brasil,POINT (-12.42976 -44.47549)
focos_ams_ontem_hoje_ref.9789f6f8-6688-39c6-9d3b-9aeb1d67a19a,-49.92748,-10.78009,2022-05-19T17:02:00,AQUA_M-T,LAGOA DA CONFUSÃO,TOCANTINS,Brasil,POINT (-10.78009 -49.92748)
focos_ams_ontem_hoje_ref.e2647e94-bece-3600-b73c-3b7c0b7f6103,-44.48485,-13.08805,2022-05-19T17:02:00,AQUA_M-T,SANTA MARIA DA VITÓRIA,BAHIA,Brasil,POINT (-13.08805 -44.48485)
focos_ams_ontem_hoje_ref.fbf0d8ba-b02e-3011-a937-0c660ec36e28,-49.9184,-10.77879,2022-05-19T17:02:00,AQUA_M-T,LAGOA DA CONFUSÃO,TOCANTINS,Brasil,POINT (-10.77879 -49.9184)
focos_ams_ontem_hoje_ref.dc0cbf3b-6d71-33c2-8982-b36e49bc121e,-49.79403,-10.74265,2022-05-19T17:02:00,AQUA_M-T,LAGOA DA CONFUSÃO,TOCANTINS,Brasil,POINT (-10.74265 -49.79403)
focos_ams_ontem_hoje_ref.b5d3c4b6-3898-3e3f-b884-9b5a1c824548,-48.01541,-10.72965,2022-05-19T17:02:00,AQUA_M-T,MONTE DO CARMO,TOCANTINS,Brasil,POINT (-10.72965 -48.01541)
focos_ams_ontem_hoje_ref.46fa10c6-8fb1-336d-b71d-24af1dca6f87,-45.37012,-13.09311,2022-05-19T17:02:00,AQUA_M-T,SÃO DESIDÉRIO,BAHIA,Brasil,POINT (-13.09311 -45.37012)
focos_ams_ontem_hoje_ref.5f8a2b6a-ba05-37ec-a9f8-8cc18e5b2138,-49.78496,-10.74135,2022-05-19T17:02:00,AQUA_M-T,LAGOA DA CONFUSÃO,TOCANTINS,Brasil,POINT (-10.74135 -49.78496)
focos_ams_ontem_hoje_ref.c0b31c9e-cbcf-3003-9cf8-c144cf405004,-45.36838,-13.10355,2022-05-19T17:02:00,AQUA_M-T,SÃO DESIDÉRIO,BAHIA,Brasil,POINT (-13.10355 -45.36838)
focos_ams_ontem_hoje_ref.f2d1c503-51ca-32eb-aa5d-fa2e61aa09a8,-47.80796,-10.69838,2022-05-19T17:02:00,AQUA_M-T,MONTE DO CARMO,TOCANTINS,Brasil,POINT (-10.69838 -47.80796)
focos_ams_ontem_hoje_ref.41f2d39d-3c6b-3d6b-bd53-256ba6c49418,-47.22592,-10.56774,2022-05-19T17:02:00,AQUA_M-T,PONTE ALTA DO TOCANTINS,TOCANTINS,Brasil,POINT (-10.56774 -47.22592)
focos_ams_ontem_hoje_ref.765dd169-09d0-3712-9abf-9ba1ee40e8fa,-47.21537,-10.56615,2022-05-19T17:02:00,AQUA_M-T,PONTE ALTA DO TOCANTINS,TOCANTINS,Brasil,POINT (-10.56615 -47.21537)
focos_ams_ontem_hoje_ref.4b236565-928f-31aa-8e90-16fac1a424cd,-45.2259,-13.20612,2022-05-19T17:02:00,AQUA_M-T,CORRENTINA,BAHIA,Brasil,POINT (-13.20612 -45.2259)
focos_ams_ontem_hoje_ref.a10646a6-7e84-315d-be86-398f00825199,-47.21683,-10.55649,2022-05-19T17:02:00,AQUA_M-T,PONTE ALTA DO TOCANTINS,TOCANTINS,Brasil,POINT (-10.55649 -47.21683)
focos_ams_ontem_hoje_ref.45e6f365-17be-3444-8f21-8492467526e3,-47.20626,-10.55489,2022-05-19T17:02:00,AQUA_M-T,PONTE ALTA DO TOCANTINS,TOCANTINS,Brasil,POINT (-10.55489 -47.20626)
focos_ams_ontem_hoje_ref.979a77c1-373d-3c6b-989a-3ec06e942ae0,-51.51765,-15.07493,2022-05-19T17:02:00,AQUA_M-T,JUSSARA,GOIÁS,Brasil,POINT (-15.07493 -51.51765)
focos_ams_ontem_hoje_ref.ca9c48d5-0a39-3ee0-9d45-baf95673942c,-47.20465,-10.56453,2022-05-19T17:02:00,AQUA_M-T,PONTE ALTA DO TOCANTINS,TOCANTINS,Brasil,POINT (-10.56453 -47.20465)
focos_ams_ontem_hoje_ref.22a5d6f4-1031-3740-8c0c-63d4378766dd,-49.3855,-10.5453,2022-05-19T17:02:00,AQUA_M-T,CRISTALÂNDIA,TOCANTINS,Brasil,POINT (-10.5453 -49.3855)
focos_ams_ontem_hoje_ref.72e34703-0b8c-33bb-89f5-fc6d78dc55e6,-51.51624,-15.08473,2022-05-19T17:02:00,AQUA_M-T,JUSSARA,GOIÁS,Brasil,POINT (-15.08473 -51.51624)
focos_ams_ontem_hoje_ref.cf212e87-000b-3153-ab1d-c107386ce0fa,-47.36239,-10.42682,2022-05-19T17:02:00,AQUA_M-T,LAGOA DO TOCANTINS,TOCANTINS,Brasil,POINT (-10.42682 -47.36239)
focos_ams_ontem_hoje_ref.eded2812-bbe5-3443-a71b-b6f814c6b268,-48.57839,-12.10257,2022-05-19T17:02:00,AQUA_M-T,PEIXE,TOCANTINS,Brasil,POINT (-12.10257 -48.57839)
focos_ams_ontem_hoje_ref.348daedb-b84d-3084-ab69-6836bcc4938c,-47.38764,-12.08923,2022-05-19T17:02:00,AQUA_M-T,CONCEIÇÃO DO TOCANTINS,TOCANTINS,Brasil,POINT (-12.08923 -47.38764)
focos_ams_ontem_hoje_ref.a5600f34-c6da-3c29-9b0d-be56059f8cf7,-54.47789,-12.08912,2022-05-19T17:02:00,AQUA_M-T,FELIZ NATAL,MATO GROSSO,Brasil,POINT (-12.08912 -54.47789)
focos_ams_ontem_hoje_ref.d8a6424f-a8fa-3001-a99e-48d0b4b1ae89,-47.3977,-12.09077,2022-05-19T17:02:00,AQUA_M-T,CONCEIÇÃO DO TOCANTINS,TOCANTINS,Brasil,POINT (-12.09077 -47.3977)
focos_ams_ontem_hoje_ref.af7ed50a-99df-31b7-96a5-7b2e5b825ffd,-47.39399,-12.08535,2022-05-19T17:02:00,AQUA_M-T,CONCEIÇÃO DO TOCANTINS,TOCANTINS,Brasil,POINT (-12.08535 -47.39399)
focos_ams_ontem_hoje_ref.8a42ae8b-7343-347c-9c07-6a901bf7d712,-54.47943,-12.07757,2022-05-19T17:02:00,AQUA_M-T,FELIZ NATAL,MATO GROSSO,Brasil,POINT (-12.07757 -54.47943)
focos_ams_ontem_hoje_ref.566c0922-de2d-35dd-b3ec-58de9043ea71,-54.02168,-12.06535,2022-05-19T17:02:00,AQUA_M-T,FELIZ NATAL,MATO GROSSO,Brasil,POINT (-12.06535 -54.02168)
focos_ams_ontem_hoje_ref.a8c68be0-97c6-3cd8-bc43-3f8af76f3498,-49.70104,-11.97147,2022-05-19T17:02:00,AQUA_M-T,FORMOSO DO ARAGUAIA,TOCANTINS,Brasil,POINT (-11.97147 -49.70104)
focos_ams_ontem_hoje_ref.739d84d9-5856-3ece-a93f-3ae27fbd5859,-49.69191,-11.97017,2022-05-19T17:02:00,AQUA_M-T,FORMOSO DO ARAGUAIA,TOCANTINS,Brasil,POINT (-11.97017 -49.69191)
focos_ams_ontem_hoje_ref.8a187c5b-4814-3d46-b776-4a30d814fe87,-48.25206,-11.96287,2022-05-19T17:02:00,AQUA_M-T,SÃO VALÉRIO,TOCANTINS,Brasil,POINT (-11.96287 -48.25206)
focos_ams_ontem_hoje_ref.2def4361-d5ab-3914-a09b-a0c9311c6107,-50.69236,-11.94533,2022-05-19T17:02:00,AQUA_M-T,NOVO SANTO ANTÔNIO,MATO GROSSO,Brasil,POINT (-11.94533 -50.69236)
focos_ams_ontem_hoje_ref.4a660eab-1dfa-35ea-9a5e-745c21925d3b,-50.70186,-11.94665,2022-05-19T17:02:00,AQUA_M-T,NOVO SANTO ANTÔNIO,MATO GROSSO,Brasil,POINT (-11.94665 -50.70186)
focos_ams_ontem_hoje_ref.79606f62-351f-3e27-b5bc-ab218f2f7594,-41.99178,-18.87422,2022-05-19T17:00:00,AQUA_M-T,GOVERNADOR VALADARES,MINAS GERAIS,Brasil,POINT (-18.87422 -41.99178)
focos_ams_ontem_hoje_ref.fd7ecca6-42f0-350b-a62c-a4b3d50631fd,-46.75885,-20.30347,2022-05-19T17:00:00,AQUA_M-T,DELFINÓPOLIS,MINAS GERAIS,Brasil,POINT (-20.30347 -46.75885)
focos_ams_ontem_hoje_ref.ee8f6d0d-61ac-329e-bfff-daa1f0ea2533,-40.95135,-21.01858,2022-05-19T17:00:00,AQUA_M-T,ITAPEMIRIM,ESPÍRITO SANTO,Brasil,POINT (-21.01858 -40.95135)
focos_ams_ontem_hoje_ref.6cabc6f8-ecaf-3caa-8146-dbc4e2ef1e71,-45.42648,-20.81278,2022-05-19T17:00:00,AQUA_M-T,CRISTAIS,MINAS GERAIS,Brasil,POINT (-20.81278 -45.42648)
focos_ams_ontem_hoje_ref.56c28e0e-7201-3348-8d9d-b5f72044da10,-44.5976,-21.46271,2022-05-19T17:00:00,AQUA_M-T,CARRANCAS,MINAS GERAIS,Brasil,POINT (-21.46271 -44.5976)
focos_ams_ontem_hoje_ref.230463b3-0aa6-3721-a677-fbe0c928c21b,-46.60195,-18.8719,2022-05-19T17:00:00,AQUA_M-T,PATOS DE MINAS,MINAS GERAIS,Brasil,POINT (-18.8719 -46.60195)
focos_ams_ontem_hoje_ref.6f14601f-8565-37e8-8c05-b39600993d17,-48.7856,-22.20895,2022-05-19T17:00:00,AQUA_M-T,BORACÉIA,SÃO PAULO,Brasil,POINT (-22.20895 -48.7856)
focos_ams_ontem_hoje_ref.1299fc90-c3b9-3c1b-aa80-3dd905a40dca,-48.7945,-22.21963,2022-05-19T17:00:00,AQUA_M-T,BORACÉIA,SÃO PAULO,Brasil,POINT (-22.21963 -48.7945)
focos_ams_ontem_hoje_ref.6dab7f0a-c570-39cb-aeec-5bb8b30ba1c8,-44.36044,-18.48267,2022-05-19T17:00:00,AQUA_M-T,CURVELO,MINAS GERAIS,Brasil,POINT (-18.48267 -44.36044)
focos_ams_ontem_hoje_ref.9b93417f-5cbd-3a97-896c-db08382e7fac,-58.42712,-21.74291,2022-05-19T17:00:00,AQUA_M-T,La Victoria,Alto Paraguay,Paraguay,POINT (-21.74291 -58.42712)
focos_ams_ontem_hoje_ref.82eff102-0f24-382d-bdcf-955f1baa11c0,-45.4202,-20.81673,2022-05-19T17:00:00,AQUA_M-T,CRISTAIS,MINAS GERAIS,Brasil,POINT (-20.81673 -45.4202)
focos_ams_ontem_hoje_ref.09b263c6-0f63-3c07-a3f4-832e7afa4853,-58.43492,-21.74331,2022-05-19T17:00:00,AQUA_M-T,La Victoria,Alto Paraguay,Paraguay,POINT (-21.74331 -58.43492)
focos_ams_ontem_hoje_ref.a00b4824-a3ea-3d24-b6a1-3e767fa19ed3,-46.34424,-19.33872,2022-05-19T17:00:00,AQUA_M-T,RIO PARANAÍBA,MINAS GERAIS,Brasil,POINT (-19.33872 -46.34424)
focos_ams_ontem_hoje_ref.f72c9456-4a84-3f09-9fad-55ff12c40ce9,-46.79699,-19.60967,2022-05-19T17:00:00,AQUA_M-T,ARAXÁ,MINAS GERAIS,Brasil,POINT (-19.60967 -46.79699)
focos_ams_ontem_hoje_ref.9aad9e65-ab8d-3e00-943a-75eb86a2e6fa,-40.2374,-17.93141,2022-05-19T17:00:00,AQUA_M-T,MUCURI,BAHIA,Brasil,POINT (-17.93141 -40.2374)
focos_ams_ontem_hoje_ref.f50d530d-1bc4-3401-952e-e3473d35b226,-45.96779,-20.03737,2022-05-19T17:00:00,AQUA_M-T,BAMBUÍ,MINAS GERAIS,Brasil,POINT (-20.03737 -45.96779)
focos_ams_ontem_hoje_ref.5c21464e-62c5-3ec8-88c2-7ef0aa669e6b,-46.80662,-19.61111,2022-05-19T17:00:00,AQUA_M-T,ARAXÁ,MINAS GERAIS,Brasil,POINT (-19.61111 -46.80662)
focos_ams_ontem_hoje_ref.b78b37d5-48af-35fb-8ab8-4abcf943cd2c,-49.55843,-18.8168,2022-05-19T17:00:00,AQUA_M-T,ITUIUTABA,MINAS GERAIS,Brasil,POINT (-18.8168 -49.55843)
focos_ams_ontem_hoje_ref.1b985796-eeb4-39cf-ae7d-4014ff50797d,-50.05977,-23.61677,2022-05-19T16:58:00,AQUA_M-T,TOMAZINA,PARANÁ,Brasil,POINT (-23.61677 -50.05977)
focos_ams_ontem_hoje_ref.732e61e6-6846-35d3-ae67-66572a822937,-49.59086,-24.01528,2022-05-19T16:58:00,AQUA_M-T,SENGÉS,PARANÁ,Brasil,POINT (-24.01528 -49.59086)
focos_ams_ontem_hoje_ref.e45002bb-2814-3121-8600-09e09cebc66a,-49.77675,-25.17626,2022-05-19T16:58:00,AQUA_M-T,PONTA GROSSA,PARANÁ,Brasil,POINT (-25.17626 -49.77675)
focos_ams_ontem_hoje_ref.a3191dd2-e38e-3bf8-b715-de8158ee0d49,-51.12465,-25.7826,2022-05-19T16:58:00,AQUA_M-T,CRUZ MACHADO,PARANÁ,Brasil,POINT (-25.7826 -51.12465)
focos_ams_ontem_hoje_ref.e7d1f0ef-10d7-3ef8-8194-7042ddffb0de,-48.45559,-23.93271,2022-05-19T16:58:00,AQUA_M-T,CAPÃO BONITO,SÃO PAULO,Brasil,POINT (-23.93271 -48.45559)
focos_ams_ontem_hoje_ref.5c702fab-60a7-3009-bc7b-dee285ff35cc,-50.60889,-23.866,2022-05-19T16:58:00,AQUA_M-T,SAPOPEMA,PARANÁ,Brasil,POINT (-23.866 -50.60889)
focos_ams_ontem_hoje_ref.99705378-2609-3af6-bb72-e7633f5bb25c,-51.14016,-25.78436,2022-05-19T16:58:00,AQUA_M-T,CRUZ MACHADO,PARANÁ,Brasil,POINT (-25.78436 -51.14016)
focos_ams_ontem_hoje_ref.a765c7cf-74e1-3446-9f6a-773f326f37b3,-49.63673,-23.04473,2022-05-19T16:58:00,AQUA_M-T,IPAUSSU,SÃO PAULO,Brasil,POINT (-23.04473 -49.63673)
focos_ams_ontem_hoje_ref.945551a2-08c7-38bf-b58b-bbfe3ff83311,-50.69114,-25.80152,2022-05-19T16:58:00,AQUA_M-T,RIO AZUL,PARANÁ,Brasil,POINT (-25.80152 -50.69114)
focos_ams_ontem_hoje_ref.510762b8-1289-3ef0-94a2-d9cac7df96cb,-49.76418,-25.1747,2022-05-19T16:58:00,AQUA_M-T,PONTA GROSSA,PARANÁ,Brasil,POINT (-25.1747 -49.76418)
focos_ams_ontem_hoje_ref.a7c201e9-542b-3220-957b-eaf045de827b,-49.34404,-26.14888,2022-05-19T16:58:00,AQUA_M-T,CAMPO ALEGRE,SANTA CATARINA,Brasil,POINT (-26.14888 -49.34404)
